1/16/2026, 4:05:07 PM GMT-5 [Modules] Modules initializing
1/16/2026, 4:05:07 PM GMT-5 [Modules] Distribution: remote
1/16/2026, 4:05:07 PM GMT-5 [Modules] Host updates: enabled
1/16/2026, 4:05:07 PM GMT-5 [Modules] Module updates: enabled
1/16/2026, 4:05:07 PM GMT-5 [Modules] Module install path: /home/dieguito/.config/discord/0.0.120/modules
1/16/2026, 4:05:07 PM GMT-5 [Modules] Module installed file path: /home/dieguito/.config/discord/0.0.120/modules/installed.json
1/16/2026, 4:05:07 PM GMT-5 [Modules] Module download path: /home/dieguito/.config/discord/0.0.120/modules/pending
1/16/2026, 4:05:07 PM GMT-5 [Modules] Bootstrapping...
1/16/2026, 4:05:07 PM GMT-5 [Modules] Installing discord_desktop_core@0 from /usr/share/discord/resources/bootstrap/discord_desktop_core.zip
1/16/2026, 4:05:07 PM GMT-5 [Modules] Failed installing discord_desktop_core@0: Error: ENOENT: no such file or directory, open '/usr/share/discord/resources/bootstrap/discord_desktop_core.zip'
1/16/2026, 4:05:07 PM GMT-5 [Modules] Installing discord_erlpack@0 from /usr/share/discord/resources/bootstrap/discord_erlpack.zip
1/16/2026, 4:05:07 PM GMT-5 [Modules] Failed installing discord_erlpack@0: Error: ENOENT: no such file or directory, open '/usr/share/discord/resources/bootstrap/discord_erlpack.zip'
1/16/2026, 4:05:07 PM GMT-5 [Modules] Installing discord_spellcheck@0 from /usr/share/discord/resources/bootstrap/discord_spellcheck.zip
1/16/2026, 4:05:07 PM GMT-5 [Modules] Failed installing discord_spellcheck@0: Error: ENOENT: no such file or directory, open '/usr/share/discord/resources/bootstrap/discord_spellcheck.zip'
1/16/2026, 4:05:08 PM GMT-5 [Modules] Installing discord_utils@0 from /usr/share/discord/resources/bootstrap/discord_utils.zip
1/16/2026, 4:05:08 PM GMT-5 [Modules] Failed installing discord_utils@0: Error: ENOENT: no such file or directory, open '/usr/share/discord/resources/bootstrap/discord_utils.zip'
1/16/2026, 4:05:08 PM GMT-5 [Modules] Installing discord_voice@0 from /usr/share/discord/resources/bootstrap/discord_voice.zip
1/16/2026, 4:05:08 PM GMT-5 [Modules] Failed installing discord_voice@0: Error: ENOENT: no such file or directory, open '/usr/share/discord/resources/bootstrap/discord_voice.zip'
1/16/2026, 4:05:08 PM GMT-5 [Modules] Installing discord_zstd@0 from /usr/share/discord/resources/bootstrap/discord_zstd.zip
1/16/2026, 4:05:08 PM GMT-5 [Modules] Failed installing discord_zstd@0: Error: ENOENT: no such file or directory, open '/usr/share/discord/resources/bootstrap/discord_zstd.zip'
1/16/2026, 4:05:08 PM GMT-5 [Modules] Finished module installations. [success: 0] [failure: 6]
1/16/2026, 4:05:08 PM GMT-5 [Modules] Checking for host updates.
1/16/2026, 4:05:10 PM GMT-5 [Modules] Host is up to date.
1/16/2026, 4:05:10 PM GMT-5 [Modules] Checking for module updates at https://discord.com/api/modules/stable/versions.json
1/16/2026, 4:05:10 PM GMT-5 [Modules] Module update available: discord_desktop_core@2 [installed: 0]
1/16/2026, 4:05:10 PM GMT-5 [Modules] Module update available: discord_erlpack@1 [installed: 0]
1/16/2026, 4:05:10 PM GMT-5 [Modules] Module update available: discord_spellcheck@1 [installed: 0]
1/16/2026, 4:05:10 PM GMT-5 [Modules] Module update available: discord_utils@1 [installed: 0]
1/16/2026, 4:05:10 PM GMT-5 [Modules] Module update available: discord_voice@1 [installed: 0]
1/16/2026, 4:05:10 PM GMT-5 [Modules] Module update available: discord_zstd@1 [installed: 0]
1/16/2026, 4:05:10 PM GMT-5 [Modules] Fetching discord_desktop_core@2 from https://discord.com/api/modules/stable/discord_desktop_core/2
1/16/2026, 4:05:10 PM GMT-5 [Modules] Streaming discord_desktop_core@2 to /home/dieguito/.config/discord/0.0.120/modules/pending/discord_desktop_core-2.zip
1/16/2026, 4:05:11 PM GMT-5 [Modules] Streaming discord_desktop_core@2 to /home/dieguito/.config/discord/0.0.120/modules/pending/discord_desktop_core-2.zip: 1%
1/16/2026, 4:05:11 PM GMT-5 [Modules] Streaming discord_desktop_core@2 to /home/dieguito/.config/discord/0.0.120/modules/pending/discord_desktop_core-2.zip: 2%
1/16/2026, 4:05:11 PM GMT-5 [Modules] Streaming discord_desktop_core@2 to /home/dieguito/.config/discord/0.0.120/modules/pending/discord_desktop_core-2.zip: 3%
1/16/2026, 4:05:11 PM GMT-5 [Modules] Streaming discord_desktop_core@2 to /home/dieguito/.config/discord/0.0.120/modules/pending/discord_desktop_core-2.zip: 4%
1/16/2026, 4:05:11 PM GMT-5 [Modules] Streaming discord_desktop_core@2 to /home/dieguito/.config/discord/0.0.120/modules/pending/discord_desktop_core-2.zip: 5%
1/16/2026, 4:05:11 PM GMT-5 [Modules] Streaming discord_desktop_core@2 to /home/dieguito/.config/discord/0.0.120/modules/pending/discord_desktop_core-2.zip: 6%
1/16/2026, 4:05:11 PM GMT-5 [Modules] Streaming discord_desktop_core@2 to /home/dieguito/.config/discord/0.0.120/modules/pending/discord_desktop_core-2.zip: 7%
1/16/2026, 4:05:11 PM GMT-5 [Modules] Streaming discord_desktop_core@2 to /home/dieguito/.config/discord/0.0.120/modules/pending/discord_desktop_core-2.zip: 8%
1/16/2026, 4:05:11 PM GMT-5 [Modules] Streaming discord_desktop_core@2 to /home/dieguito/.config/discord/0.0.120/modules/pending/discord_desktop_core-2.zip: 9%
1/16/2026, 4:05:11 PM GMT-5 [Modules] Streaming discord_desktop_core@2 to /home/dieguito/.config/discord/0.0.120/modules/pending/discord_desktop_core-2.zip: 10%
1/16/2026, 4:05:11 PM GMT-5 [Modules] Streaming discord_desktop_core@2 to /home/dieguito/.config/discord/0.0.120/modules/pending/discord_desktop_core-2.zip: 11%
1/16/2026, 4:05:11 PM GMT-5 [Modules] Streaming discord_desktop_core@2 to /home/dieguito/.config/discord/0.0.120/modules/pending/discord_desktop_core-2.zip: 12%
1/16/2026, 4:05:11 PM GMT-5 [Modules] Streaming discord_desktop_core@2 to /home/dieguito/.config/discord/0.0.120/modules/pending/discord_desktop_core-2.zip: 13%
1/16/2026, 4:05:11 PM GMT-5 [Modules] Streaming discord_desktop_core@2 to /home/dieguito/.config/discord/0.0.120/modules/pending/discord_desktop_core-2.zip: 14%
1/16/2026, 4:05:11 PM GMT-5 [Modules] Streaming discord_desktop_core@2 to /home/dieguito/.config/discord/0.0.120/modules/pending/discord_desktop_core-2.zip: 15%
1/16/2026, 4:05:11 PM GMT-5 [Modules] Streaming discord_desktop_core@2 to /home/dieguito/.config/discord/0.0.120/modules/pending/discord_desktop_core-2.zip: 16%
1/16/2026, 4:05:11 PM GMT-5 [Modules] Streaming discord_desktop_core@2 to /home/dieguito/.config/discord/0.0.120/modules/pending/discord_desktop_core-2.zip: 17%
1/16/2026, 4:05:11 PM GMT-5 [Modules] Streaming discord_desktop_core@2 to /home/dieguito/.config/discord/0.0.120/modules/pending/discord_desktop_core-2.zip: 18%
1/16/2026, 4:05:11 PM GMT-5 [Modules] Streaming discord_desktop_core@2 to /home/dieguito/.config/discord/0.0.120/modules/pending/discord_desktop_core-2.zip: 19%
1/16/2026, 4:05:11 PM GMT-5 [Modules] Streaming discord_desktop_core@2 to /home/dieguito/.config/discord/0.0.120/modules/pending/discord_desktop_core-2.zip: 20%
1/16/2026, 4:05:11 PM GMT-5 [Modules] Streaming discord_desktop_core@2 to /home/dieguito/.config/discord/0.0.120/modules/pending/discord_desktop_core-2.zip: 21%
1/16/2026, 4:05:11 PM GMT-5 [Modules] Streaming discord_desktop_core@2 to /home/dieguito/.config/discord/0.0.120/modules/pending/discord_desktop_core-2.zip: 22%
1/16/2026, 4:05:11 PM GMT-5 [Modules] Streaming discord_desktop_core@2 to /home/dieguito/.config/discord/0.0.120/modules/pending/discord_desktop_core-2.zip: 23%
1/16/2026, 4:05:11 PM GMT-5 [Modules] Streaming discord_desktop_core@2 to /home/dieguito/.config/discord/0.0.120/modules/pending/discord_desktop_core-2.zip: 24%
1/16/2026, 4:05:11 PM GMT-5 [Modules] Streaming discord_desktop_core@2 to /home/dieguito/.config/discord/0.0.120/modules/pending/discord_desktop_core-2.zip: 25%
1/16/2026, 4:05:11 PM GMT-5 [Modules] Streaming discord_desktop_core@2 to /home/dieguito/.config/discord/0.0.120/modules/pending/discord_desktop_core-2.zip: 26%
1/16/2026, 4:05:11 PM GMT-5 [Modules] Streaming discord_desktop_core@2 to /home/dieguito/.config/discord/0.0.120/modules/pending/discord_desktop_core-2.zip: 27%
1/16/2026, 4:05:11 PM GMT-5 [Modules] Streaming discord_desktop_core@2 to /home/dieguito/.config/discord/0.0.120/modules/pending/discord_desktop_core-2.zip: 28%
1/16/2026, 4:05:11 PM GMT-5 [Modules] Streaming discord_desktop_core@2 to /home/dieguito/.config/discord/0.0.120/modules/pending/discord_desktop_core-2.zip: 29%
1/16/2026, 4:05:11 PM GMT-5 [Modules] Streaming discord_desktop_core@2 to /home/dieguito/.config/discord/0.0.120/modules/pending/discord_desktop_core-2.zip: 30%
1/16/2026, 4:05:11 PM GMT-5 [Modules] Streaming discord_desktop_core@2 to /home/dieguito/.config/discord/0.0.120/modules/pending/discord_desktop_core-2.zip: 31%
1/16/2026, 4:05:11 PM GMT-5 [Modules] Streaming discord_desktop_core@2 to /home/dieguito/.config/discord/0.0.120/modules/pending/discord_desktop_core-2.zip: 32%
1/16/2026, 4:05:11 PM GMT-5 [Modules] Streaming discord_desktop_core@2 to /home/dieguito/.config/discord/0.0.120/modules/pending/discord_desktop_core-2.zip: 33%
1/16/2026, 4:05:11 PM GMT-5 [Modules] Streaming discord_desktop_core@2 to /home/dieguito/.config/discord/0.0.120/modules/pending/discord_desktop_core-2.zip: 34%
1/16/2026, 4:05:11 PM GMT-5 [Modules] Streaming discord_desktop_core@2 to /home/dieguito/.config/discord/0.0.120/modules/pending/discord_desktop_core-2.zip: 35%
1/16/2026, 4:05:11 PM GMT-5 [Modules] Streaming discord_desktop_core@2 to /home/dieguito/.config/discord/0.0.120/modules/pending/discord_desktop_core-2.zip: 36%
1/16/2026, 4:05:11 PM GMT-5 [Modules] Streaming discord_desktop_core@2 to /home/dieguito/.config/discord/0.0.120/modules/pending/discord_desktop_core-2.zip: 37%
1/16/2026, 4:05:11 PM GMT-5 [Modules] Streaming discord_desktop_core@2 to /home/dieguito/.config/discord/0.0.120/modules/pending/discord_desktop_core-2.zip: 38%
1/16/2026, 4:05:11 PM GMT-5 [Modules] Streaming discord_desktop_core@2 to /home/dieguito/.config/discord/0.0.120/modules/pending/discord_desktop_core-2.zip: 39%
1/16/2026, 4:05:11 PM GMT-5 [Modules] Streaming discord_desktop_core@2 to /home/dieguito/.config/discord/0.0.120/modules/pending/discord_desktop_core-2.zip: 40%
1/16/2026, 4:05:11 PM GMT-5 [Modules] Streaming discord_desktop_core@2 to /home/dieguito/.config/discord/0.0.120/modules/pending/discord_desktop_core-2.zip: 41%
1/16/2026, 4:05:11 PM GMT-5 [Modules] Streaming discord_desktop_core@2 to /home/dieguito/.config/discord/0.0.120/modules/pending/discord_desktop_core-2.zip: 42%
1/16/2026, 4:05:11 PM GMT-5 [Modules] Streaming discord_desktop_core@2 to /home/dieguito/.config/discord/0.0.120/modules/pending/discord_desktop_core-2.zip: 43%
1/16/2026, 4:05:11 PM GMT-5 [Modules] Streaming discord_desktop_core@2 to /home/dieguito/.config/discord/0.0.120/modules/pending/discord_desktop_core-2.zip: 44%
1/16/2026, 4:05:11 PM GMT-5 [Modules] Streaming discord_desktop_core@2 to /home/dieguito/.config/discord/0.0.120/modules/pending/discord_desktop_core-2.zip: 45%
1/16/2026, 4:05:11 PM GMT-5 [Modules] Streaming discord_desktop_core@2 to /home/dieguito/.config/discord/0.0.120/modules/pending/discord_desktop_core-2.zip: 46%
1/16/2026, 4:05:11 PM GMT-5 [Modules] Streaming discord_desktop_core@2 to /home/dieguito/.config/discord/0.0.120/modules/pending/discord_desktop_core-2.zip: 47%
1/16/2026, 4:05:11 PM GMT-5 [Modules] Streaming discord_desktop_core@2 to /home/dieguito/.config/discord/0.0.120/modules/pending/discord_desktop_core-2.zip: 48%
1/16/2026, 4:05:11 PM GMT-5 [Modules] Streaming discord_desktop_core@2 to /home/dieguito/.config/discord/0.0.120/modules/pending/discord_desktop_core-2.zip: 49%
1/16/2026, 4:05:11 PM GMT-5 [Modules] Streaming discord_desktop_core@2 to /home/dieguito/.config/discord/0.0.120/modules/pending/discord_desktop_core-2.zip: 50%
1/16/2026, 4:05:11 PM GMT-5 [Modules] Streaming discord_desktop_core@2 to /home/dieguito/.config/discord/0.0.120/modules/pending/discord_desktop_core-2.zip: 51%
1/16/2026, 4:05:11 PM GMT-5 [Modules] Streaming discord_desktop_core@2 to /home/dieguito/.config/discord/0.0.120/modules/pending/discord_desktop_core-2.zip: 52%
1/16/2026, 4:05:11 PM GMT-5 [Modules] Streaming discord_desktop_core@2 to /home/dieguito/.config/discord/0.0.120/modules/pending/discord_desktop_core-2.zip: 53%
1/16/2026, 4:05:11 PM GMT-5 [Modules] Streaming discord_desktop_core@2 to /home/dieguito/.config/discord/0.0.120/modules/pending/discord_desktop_core-2.zip: 54%
1/16/2026, 4:05:12 PM GMT-5 [Modules] Streaming discord_desktop_core@2 to /home/dieguito/.config/discord/0.0.120/modules/pending/discord_desktop_core-2.zip: 55%
1/16/2026, 4:05:12 PM GMT-5 [Modules] Streaming discord_desktop_core@2 to /home/dieguito/.config/discord/0.0.120/modules/pending/discord_desktop_core-2.zip: 56%
1/16/2026, 4:05:12 PM GMT-5 [Modules] Streaming discord_desktop_core@2 to /home/dieguito/.config/discord/0.0.120/modules/pending/discord_desktop_core-2.zip: 57%
1/16/2026, 4:05:12 PM GMT-5 [Modules] Streaming discord_desktop_core@2 to /home/dieguito/.config/discord/0.0.120/modules/pending/discord_desktop_core-2.zip: 58%
1/16/2026, 4:05:12 PM GMT-5 [Modules] Streaming discord_desktop_core@2 to /home/dieguito/.config/discord/0.0.120/modules/pending/discord_desktop_core-2.zip: 59%
1/16/2026, 4:05:12 PM GMT-5 [Modules] Streaming discord_desktop_core@2 to /home/dieguito/.config/discord/0.0.120/modules/pending/discord_desktop_core-2.zip: 60%
1/16/2026, 4:05:12 PM GMT-5 [Modules] Streaming discord_desktop_core@2 to /home/dieguito/.config/discord/0.0.120/modules/pending/discord_desktop_core-2.zip: 61%
1/16/2026, 4:05:12 PM GMT-5 [Modules] Streaming discord_desktop_core@2 to /home/dieguito/.config/discord/0.0.120/modules/pending/discord_desktop_core-2.zip: 62%
1/16/2026, 4:05:12 PM GMT-5 [Modules] Streaming discord_desktop_core@2 to /home/dieguito/.config/discord/0.0.120/modules/pending/discord_desktop_core-2.zip: 63%
1/16/2026, 4:05:12 PM GMT-5 [Modules] Streaming discord_desktop_core@2 to /home/dieguito/.config/discord/0.0.120/modules/pending/discord_desktop_core-2.zip: 64%
1/16/2026, 4:05:12 PM GMT-5 [Modules] Streaming discord_desktop_core@2 to /home/dieguito/.config/discord/0.0.120/modules/pending/discord_desktop_core-2.zip: 65%
1/16/2026, 4:05:12 PM GMT-5 [Modules] Streaming discord_desktop_core@2 to /home/dieguito/.config/discord/0.0.120/modules/pending/discord_desktop_core-2.zip: 66%
1/16/2026, 4:05:12 PM GMT-5 [Modules] Streaming discord_desktop_core@2 to /home/dieguito/.config/discord/0.0.120/modules/pending/discord_desktop_core-2.zip: 67%
1/16/2026, 4:05:12 PM GMT-5 [Modules] Streaming discord_desktop_core@2 to /home/dieguito/.config/discord/0.0.120/modules/pending/discord_desktop_core-2.zip: 68%
1/16/2026, 4:05:12 PM GMT-5 [Modules] Streaming discord_desktop_core@2 to /home/dieguito/.config/discord/0.0.120/modules/pending/discord_desktop_core-2.zip: 69%
1/16/2026, 4:05:12 PM GMT-5 [Modules] Streaming discord_desktop_core@2 to /home/dieguito/.config/discord/0.0.120/modules/pending/discord_desktop_core-2.zip: 70%
1/16/2026, 4:05:12 PM GMT-5 [Modules] Streaming discord_desktop_core@2 to /home/dieguito/.config/discord/0.0.120/modules/pending/discord_desktop_core-2.zip: 71%
1/16/2026, 4:05:12 PM GMT-5 [Modules] Streaming discord_desktop_core@2 to /home/dieguito/.config/discord/0.0.120/modules/pending/discord_desktop_core-2.zip: 72%
1/16/2026, 4:05:12 PM GMT-5 [Modules] Streaming discord_desktop_core@2 to /home/dieguito/.config/discord/0.0.120/modules/pending/discord_desktop_core-2.zip: 73%
1/16/2026, 4:05:12 PM GMT-5 [Modules] Streaming discord_desktop_core@2 to /home/dieguito/.config/discord/0.0.120/modules/pending/discord_desktop_core-2.zip: 74%
1/16/2026, 4:05:12 PM GMT-5 [Modules] Streaming discord_desktop_core@2 to /home/dieguito/.config/discord/0.0.120/modules/pending/discord_desktop_core-2.zip: 75%
1/16/2026, 4:05:12 PM GMT-5 [Modules] Streaming discord_desktop_core@2 to /home/dieguito/.config/discord/0.0.120/modules/pending/discord_desktop_core-2.zip: 76%
1/16/2026, 4:05:12 PM GMT-5 [Modules] Streaming discord_desktop_core@2 to /home/dieguito/.config/discord/0.0.120/modules/pending/discord_desktop_core-2.zip: 77%
1/16/2026, 4:05:12 PM GMT-5 [Modules] Streaming discord_desktop_core@2 to /home/dieguito/.config/discord/0.0.120/modules/pending/discord_desktop_core-2.zip: 78%
1/16/2026, 4:05:12 PM GMT-5 [Modules] Streaming discord_desktop_core@2 to /home/dieguito/.config/discord/0.0.120/modules/pending/discord_desktop_core-2.zip: 79%
1/16/2026, 4:05:12 PM GMT-5 [Modules] Streaming discord_desktop_core@2 to /home/dieguito/.config/discord/0.0.120/modules/pending/discord_desktop_core-2.zip: 80%
1/16/2026, 4:05:12 PM GMT-5 [Modules] Streaming discord_desktop_core@2 to /home/dieguito/.config/discord/0.0.120/modules/pending/discord_desktop_core-2.zip: 81%
1/16/2026, 4:05:12 PM GMT-5 [Modules] Streaming discord_desktop_core@2 to /home/dieguito/.config/discord/0.0.120/modules/pending/discord_desktop_core-2.zip: 82%
1/16/2026, 4:05:12 PM GMT-5 [Modules] Streaming discord_desktop_core@2 to /home/dieguito/.config/discord/0.0.120/modules/pending/discord_desktop_core-2.zip: 83%
1/16/2026, 4:05:12 PM GMT-5 [Modules] Streaming discord_desktop_core@2 to /home/dieguito/.config/discord/0.0.120/modules/pending/discord_desktop_core-2.zip: 84%
1/16/2026, 4:05:12 PM GMT-5 [Modules] Streaming discord_desktop_core@2 to /home/dieguito/.config/discord/0.0.120/modules/pending/discord_desktop_core-2.zip: 85%
1/16/2026, 4:05:12 PM GMT-5 [Modules] Streaming discord_desktop_core@2 to /home/dieguito/.config/discord/0.0.120/modules/pending/discord_desktop_core-2.zip: 86%
1/16/2026, 4:05:12 PM GMT-5 [Modules] Streaming discord_desktop_core@2 to /home/dieguito/.config/discord/0.0.120/modules/pending/discord_desktop_core-2.zip: 87%
1/16/2026, 4:05:12 PM GMT-5 [Modules] Streaming discord_desktop_core@2 to /home/dieguito/.config/discord/0.0.120/modules/pending/discord_desktop_core-2.zip: 88%
1/16/2026, 4:05:12 PM GMT-5 [Modules] Streaming discord_desktop_core@2 to /home/dieguito/.config/discord/0.0.120/modules/pending/discord_desktop_core-2.zip: 89%
1/16/2026, 4:05:12 PM GMT-5 [Modules] Streaming discord_desktop_core@2 to /home/dieguito/.config/discord/0.0.120/modules/pending/discord_desktop_core-2.zip: 90%
1/16/2026, 4:05:12 PM GMT-5 [Modules] Streaming discord_desktop_core@2 to /home/dieguito/.config/discord/0.0.120/modules/pending/discord_desktop_core-2.zip: 91%
1/16/2026, 4:05:12 PM GMT-5 [Modules] Streaming discord_desktop_core@2 to /home/dieguito/.config/discord/0.0.120/modules/pending/discord_desktop_core-2.zip: 92%
1/16/2026, 4:05:12 PM GMT-5 [Modules] Streaming discord_desktop_core@2 to /home/dieguito/.config/discord/0.0.120/modules/pending/discord_desktop_core-2.zip: 93%
1/16/2026, 4:05:12 PM GMT-5 [Modules] Streaming discord_desktop_core@2 to /home/dieguito/.config/discord/0.0.120/modules/pending/discord_desktop_core-2.zip: 94%
1/16/2026, 4:05:12 PM GMT-5 [Modules] Streaming discord_desktop_core@2 to /home/dieguito/.config/discord/0.0.120/modules/pending/discord_desktop_core-2.zip: 95%
1/16/2026, 4:05:12 PM GMT-5 [Modules] Streaming discord_desktop_core@2 to /home/dieguito/.config/discord/0.0.120/modules/pending/discord_desktop_core-2.zip: 96%
1/16/2026, 4:05:12 PM GMT-5 [Modules] Streaming discord_desktop_core@2 to /home/dieguito/.config/discord/0.0.120/modules/pending/discord_desktop_core-2.zip: 97%
1/16/2026, 4:05:12 PM GMT-5 [Modules] Streaming discord_desktop_core@2 to /home/dieguito/.config/discord/0.0.120/modules/pending/discord_desktop_core-2.zip: 98%
1/16/2026, 4:05:12 PM GMT-5 [Modules] Streaming discord_desktop_core@2 to /home/dieguito/.config/discord/0.0.120/modules/pending/discord_desktop_core-2.zip: 99%
1/16/2026, 4:05:12 PM GMT-5 [Modules] Streaming discord_desktop_core@2 to /home/dieguito/.config/discord/0.0.120/modules/pending/discord_desktop_core-2.zip: 100%
1/16/2026, 4:05:12 PM GMT-5 [Modules] Fetching discord_erlpack@1 from https://discord.com/api/modules/stable/discord_erlpack/1
1/16/2026, 4:05:12 PM GMT-5 [Modules] Streaming discord_erlpack@1 to /home/dieguito/.config/discord/0.0.120/modules/pending/discord_erlpack-1.zip
1/16/2026, 4:05:14 PM GMT-5 [Modules] Streaming discord_erlpack@1 to /home/dieguito/.config/discord/0.0.120/modules/pending/discord_erlpack-1.zip: 1%
1/16/2026, 4:05:14 PM GMT-5 [Modules] Streaming discord_erlpack@1 to /home/dieguito/.config/discord/0.0.120/modules/pending/discord_erlpack-1.zip: 2%
1/16/2026, 4:05:14 PM GMT-5 [Modules] Streaming discord_erlpack@1 to /home/dieguito/.config/discord/0.0.120/modules/pending/discord_erlpack-1.zip: 3%
1/16/2026, 4:05:14 PM GMT-5 [Modules] Streaming discord_erlpack@1 to /home/dieguito/.config/discord/0.0.120/modules/pending/discord_erlpack-1.zip: 4%
1/16/2026, 4:05:14 PM GMT-5 [Modules] Streaming discord_erlpack@1 to /home/dieguito/.config/discord/0.0.120/modules/pending/discord_erlpack-1.zip: 5%
1/16/2026, 4:05:14 PM GMT-5 [Modules] Streaming discord_erlpack@1 to /home/dieguito/.config/discord/0.0.120/modules/pending/discord_erlpack-1.zip: 6%
1/16/2026, 4:05:14 PM GMT-5 [Modules] Streaming discord_erlpack@1 to /home/dieguito/.config/discord/0.0.120/modules/pending/discord_erlpack-1.zip: 7%
1/16/2026, 4:05:14 PM GMT-5 [Modules] Streaming discord_erlpack@1 to /home/dieguito/.config/discord/0.0.120/modules/pending/discord_erlpack-1.zip: 8%
1/16/2026, 4:05:14 PM GMT-5 [Modules] Streaming discord_erlpack@1 to /home/dieguito/.config/discord/0.0.120/modules/pending/discord_erlpack-1.zip: 9%
1/16/2026, 4:05:14 PM GMT-5 [Modules] Streaming discord_erlpack@1 to /home/dieguito/.config/discord/0.0.120/modules/pending/discord_erlpack-1.zip: 10%
1/16/2026, 4:05:14 PM GMT-5 [Modules] Streaming discord_erlpack@1 to /home/dieguito/.config/discord/0.0.120/modules/pending/discord_erlpack-1.zip: 11%
1/16/2026, 4:05:14 PM GMT-5 [Modules] Streaming discord_erlpack@1 to /home/dieguito/.config/discord/0.0.120/modules/pending/discord_erlpack-1.zip: 12%
1/16/2026, 4:05:14 PM GMT-5 [Modules] Streaming discord_erlpack@1 to /home/dieguito/.config/discord/0.0.120/modules/pending/discord_erlpack-1.zip: 13%
1/16/2026, 4:05:14 PM GMT-5 [Modules] Streaming discord_erlpack@1 to /home/dieguito/.config/discord/0.0.120/modules/pending/discord_erlpack-1.zip: 14%
1/16/2026, 4:05:14 PM GMT-5 [Modules] Streaming discord_erlpack@1 to /home/dieguito/.config/discord/0.0.120/modules/pending/discord_erlpack-1.zip: 15%
1/16/2026, 4:05:14 PM GMT-5 [Modules] Streaming discord_erlpack@1 to /home/dieguito/.config/discord/0.0.120/modules/pending/discord_erlpack-1.zip: 16%
1/16/2026, 4:05:14 PM GMT-5 [Modules] Streaming discord_erlpack@1 to /home/dieguito/.config/discord/0.0.120/modules/pending/discord_erlpack-1.zip: 17%
1/16/2026, 4:05:14 PM GMT-5 [Modules] Streaming discord_erlpack@1 to /home/dieguito/.config/discord/0.0.120/modules/pending/discord_erlpack-1.zip: 18%
1/16/2026, 4:05:14 PM GMT-5 [Modules] Streaming discord_erlpack@1 to /home/dieguito/.config/discord/0.0.120/modules/pending/discord_erlpack-1.zip: 19%
1/16/2026, 4:05:14 PM GMT-5 [Modules] Streaming discord_erlpack@1 to /home/dieguito/.config/discord/0.0.120/modules/pending/discord_erlpack-1.zip: 20%
1/16/2026, 4:05:14 PM GMT-5 [Modules] Streaming discord_erlpack@1 to /home/dieguito/.config/discord/0.0.120/modules/pending/discord_erlpack-1.zip: 21%
1/16/2026, 4:05:14 PM GMT-5 [Modules] Streaming discord_erlpack@1 to /home/dieguito/.config/discord/0.0.120/modules/pending/discord_erlpack-1.zip: 22%
1/16/2026, 4:05:14 PM GMT-5 [Modules] Streaming discord_erlpack@1 to /home/dieguito/.config/discord/0.0.120/modules/pending/discord_erlpack-1.zip: 23%
1/16/2026, 4:05:14 PM GMT-5 [Modules] Streaming discord_erlpack@1 to /home/dieguito/.config/discord/0.0.120/modules/pending/discord_erlpack-1.zip: 24%
1/16/2026, 4:05:14 PM GMT-5 [Modules] Streaming discord_erlpack@1 to /home/dieguito/.config/discord/0.0.120/modules/pending/discord_erlpack-1.zip: 25%
1/16/2026, 4:05:14 PM GMT-5 [Modules] Streaming discord_erlpack@1 to /home/dieguito/.config/discord/0.0.120/modules/pending/discord_erlpack-1.zip: 26%
1/16/2026, 4:05:14 PM GMT-5 [Modules] Streaming discord_erlpack@1 to /home/dieguito/.config/discord/0.0.120/modules/pending/discord_erlpack-1.zip: 27%
1/16/2026, 4:05:14 PM GMT-5 [Modules] Streaming discord_erlpack@1 to /home/dieguito/.config/discord/0.0.120/modules/pending/discord_erlpack-1.zip: 28%
1/16/2026, 4:05:14 PM GMT-5 [Modules] Streaming discord_erlpack@1 to /home/dieguito/.config/discord/0.0.120/modules/pending/discord_erlpack-1.zip: 29%
1/16/2026, 4:05:14 PM GMT-5 [Modules] Streaming discord_erlpack@1 to /home/dieguito/.config/discord/0.0.120/modules/pending/discord_erlpack-1.zip: 30%
1/16/2026, 4:05:14 PM GMT-5 [Modules] Streaming discord_erlpack@1 to /home/dieguito/.config/discord/0.0.120/modules/pending/discord_erlpack-1.zip: 31%
1/16/2026, 4:05:14 PM GMT-5 [Modules] Streaming discord_erlpack@1 to /home/dieguito/.config/discord/0.0.120/modules/pending/discord_erlpack-1.zip: 32%
1/16/2026, 4:05:14 PM GMT-5 [Modules] Streaming discord_erlpack@1 to /home/dieguito/.config/discord/0.0.120/modules/pending/discord_erlpack-1.zip: 33%
1/16/2026, 4:05:14 PM GMT-5 [Modules] Streaming discord_erlpack@1 to /home/dieguito/.config/discord/0.0.120/modules/pending/discord_erlpack-1.zip: 34%
1/16/2026, 4:05:14 PM GMT-5 [Modules] Streaming discord_erlpack@1 to /home/dieguito/.config/discord/0.0.120/modules/pending/discord_erlpack-1.zip: 35%
1/16/2026, 4:05:14 PM GMT-5 [Modules] Streaming discord_erlpack@1 to /home/dieguito/.config/discord/0.0.120/modules/pending/discord_erlpack-1.zip: 36%
1/16/2026, 4:05:14 PM GMT-5 [Modules] Streaming discord_erlpack@1 to /home/dieguito/.config/discord/0.0.120/modules/pending/discord_erlpack-1.zip: 37%
1/16/2026, 4:05:14 PM GMT-5 [Modules] Streaming discord_erlpack@1 to /home/dieguito/.config/discord/0.0.120/modules/pending/discord_erlpack-1.zip: 38%
1/16/2026, 4:05:14 PM GMT-5 [Modules] Streaming discord_erlpack@1 to /home/dieguito/.config/discord/0.0.120/modules/pending/discord_erlpack-1.zip: 39%
1/16/2026, 4:05:14 PM GMT-5 [Modules] Streaming discord_erlpack@1 to /home/dieguito/.config/discord/0.0.120/modules/pending/discord_erlpack-1.zip: 40%
1/16/2026, 4:05:14 PM GMT-5 [Modules] Streaming discord_erlpack@1 to /home/dieguito/.config/discord/0.0.120/modules/pending/discord_erlpack-1.zip: 41%
1/16/2026, 4:05:14 PM GMT-5 [Modules] Streaming discord_erlpack@1 to /home/dieguito/.config/discord/0.0.120/modules/pending/discord_erlpack-1.zip: 42%
1/16/2026, 4:05:14 PM GMT-5 [Modules] Streaming discord_erlpack@1 to /home/dieguito/.config/discord/0.0.120/modules/pending/discord_erlpack-1.zip: 43%
1/16/2026, 4:05:14 PM GMT-5 [Modules] Streaming discord_erlpack@1 to /home/dieguito/.config/discord/0.0.120/modules/pending/discord_erlpack-1.zip: 44%
1/16/2026, 4:05:14 PM GMT-5 [Modules] Streaming discord_erlpack@1 to /home/dieguito/.config/discord/0.0.120/modules/pending/discord_erlpack-1.zip: 45%
1/16/2026, 4:05:14 PM GMT-5 [Modules] Streaming discord_erlpack@1 to /home/dieguito/.config/discord/0.0.120/modules/pending/discord_erlpack-1.zip: 46%
1/16/2026, 4:05:14 PM GMT-5 [Modules] Streaming discord_erlpack@1 to /home/dieguito/.config/discord/0.0.120/modules/pending/discord_erlpack-1.zip: 47%
1/16/2026, 4:05:14 PM GMT-5 [Modules] Streaming discord_erlpack@1 to /home/dieguito/.config/discord/0.0.120/modules/pending/discord_erlpack-1.zip: 48%
1/16/2026, 4:05:14 PM GMT-5 [Modules] Streaming discord_erlpack@1 to /home/dieguito/.config/discord/0.0.120/modules/pending/discord_erlpack-1.zip: 49%
1/16/2026, 4:05:14 PM GMT-5 [Modules] Streaming discord_erlpack@1 to /home/dieguito/.config/discord/0.0.120/modules/pending/discord_erlpack-1.zip: 50%
1/16/2026, 4:05:14 PM GMT-5 [Modules] Streaming discord_erlpack@1 to /home/dieguito/.config/discord/0.0.120/modules/pending/discord_erlpack-1.zip: 51%
1/16/2026, 4:05:14 PM GMT-5 [Modules] Streaming discord_erlpack@1 to /home/dieguito/.config/discord/0.0.120/modules/pending/discord_erlpack-1.zip: 52%
1/16/2026, 4:05:14 PM GMT-5 [Modules] Streaming discord_erlpack@1 to /home/dieguito/.config/discord/0.0.120/modules/pending/discord_erlpack-1.zip: 53%
1/16/2026, 4:05:14 PM GMT-5 [Modules] Streaming discord_erlpack@1 to /home/dieguito/.config/discord/0.0.120/modules/pending/discord_erlpack-1.zip: 54%
1/16/2026, 4:05:14 PM GMT-5 [Modules] Streaming discord_erlpack@1 to /home/dieguito/.config/discord/0.0.120/modules/pending/discord_erlpack-1.zip: 55%
1/16/2026, 4:05:14 PM GMT-5 [Modules] Streaming discord_erlpack@1 to /home/dieguito/.config/discord/0.0.120/modules/pending/discord_erlpack-1.zip: 56%
1/16/2026, 4:05:14 PM GMT-5 [Modules] Streaming discord_erlpack@1 to /home/dieguito/.config/discord/0.0.120/modules/pending/discord_erlpack-1.zip: 57%
1/16/2026, 4:05:14 PM GMT-5 [Modules] Streaming discord_erlpack@1 to /home/dieguito/.config/discord/0.0.120/modules/pending/discord_erlpack-1.zip: 58%
1/16/2026, 4:05:14 PM GMT-5 [Modules] Streaming discord_erlpack@1 to /home/dieguito/.config/discord/0.0.120/modules/pending/discord_erlpack-1.zip: 59%
1/16/2026, 4:05:14 PM GMT-5 [Modules] Streaming discord_erlpack@1 to /home/dieguito/.config/discord/0.0.120/modules/pending/discord_erlpack-1.zip: 60%
1/16/2026, 4:05:14 PM GMT-5 [Modules] Streaming discord_erlpack@1 to /home/dieguito/.config/discord/0.0.120/modules/pending/discord_erlpack-1.zip: 61%
1/16/2026, 4:05:14 PM GMT-5 [Modules] Streaming discord_erlpack@1 to /home/dieguito/.config/discord/0.0.120/modules/pending/discord_erlpack-1.zip: 62%
1/16/2026, 4:05:14 PM GMT-5 [Modules] Streaming discord_erlpack@1 to /home/dieguito/.config/discord/0.0.120/modules/pending/discord_erlpack-1.zip: 63%
1/16/2026, 4:05:14 PM GMT-5 [Modules] Streaming discord_erlpack@1 to /home/dieguito/.config/discord/0.0.120/modules/pending/discord_erlpack-1.zip: 64%
1/16/2026, 4:05:14 PM GMT-5 [Modules] Streaming discord_erlpack@1 to /home/dieguito/.config/discord/0.0.120/modules/pending/discord_erlpack-1.zip: 65%
1/16/2026, 4:05:14 PM GMT-5 [Modules] Streaming discord_erlpack@1 to /home/dieguito/.config/discord/0.0.120/modules/pending/discord_erlpack-1.zip: 66%
1/16/2026, 4:05:14 PM GMT-5 [Modules] Streaming discord_erlpack@1 to /home/dieguito/.config/discord/0.0.120/modules/pending/discord_erlpack-1.zip: 67%
1/16/2026, 4:05:14 PM GMT-5 [Modules] Streaming discord_erlpack@1 to /home/dieguito/.config/discord/0.0.120/modules/pending/discord_erlpack-1.zip: 68%
1/16/2026, 4:05:14 PM GMT-5 [Modules] Streaming discord_erlpack@1 to /home/dieguito/.config/discord/0.0.120/modules/pending/discord_erlpack-1.zip: 69%
1/16/2026, 4:05:14 PM GMT-5 [Modules] Streaming discord_erlpack@1 to /home/dieguito/.config/discord/0.0.120/modules/pending/discord_erlpack-1.zip: 70%
1/16/2026, 4:05:14 PM GMT-5 [Modules] Streaming discord_erlpack@1 to /home/dieguito/.config/discord/0.0.120/modules/pending/discord_erlpack-1.zip: 71%
1/16/2026, 4:05:14 PM GMT-5 [Modules] Streaming discord_erlpack@1 to /home/dieguito/.config/discord/0.0.120/modules/pending/discord_erlpack-1.zip: 72%
1/16/2026, 4:05:14 PM GMT-5 [Modules] Streaming discord_erlpack@1 to /home/dieguito/.config/discord/0.0.120/modules/pending/discord_erlpack-1.zip: 73%
1/16/2026, 4:05:14 PM GMT-5 [Modules] Streaming discord_erlpack@1 to /home/dieguito/.config/discord/0.0.120/modules/pending/discord_erlpack-1.zip: 74%
1/16/2026, 4:05:14 PM GMT-5 [Modules] Streaming discord_erlpack@1 to /home/dieguito/.config/discord/0.0.120/modules/pending/discord_erlpack-1.zip: 75%
1/16/2026, 4:05:14 PM GMT-5 [Modules] Streaming discord_erlpack@1 to /home/dieguito/.config/discord/0.0.120/modules/pending/discord_erlpack-1.zip: 76%
1/16/2026, 4:05:14 PM GMT-5 [Modules] Streaming discord_erlpack@1 to /home/dieguito/.config/discord/0.0.120/modules/pending/discord_erlpack-1.zip: 77%
1/16/2026, 4:05:14 PM GMT-5 [Modules] Streaming discord_erlpack@1 to /home/dieguito/.config/discord/0.0.120/modules/pending/discord_erlpack-1.zip: 78%
1/16/2026, 4:05:14 PM GMT-5 [Modules] Streaming discord_erlpack@1 to /home/dieguito/.config/discord/0.0.120/modules/pending/discord_erlpack-1.zip: 79%
1/16/2026, 4:05:14 PM GMT-5 [Modules] Streaming discord_erlpack@1 to /home/dieguito/.config/discord/0.0.120/modules/pending/discord_erlpack-1.zip: 80%
1/16/2026, 4:05:14 PM GMT-5 [Modules] Streaming discord_erlpack@1 to /home/dieguito/.config/discord/0.0.120/modules/pending/discord_erlpack-1.zip: 81%
1/16/2026, 4:05:14 PM GMT-5 [Modules] Streaming discord_erlpack@1 to /home/dieguito/.config/discord/0.0.120/modules/pending/discord_erlpack-1.zip: 82%
1/16/2026, 4:05:14 PM GMT-5 [Modules] Streaming discord_erlpack@1 to /home/dieguito/.config/discord/0.0.120/modules/pending/discord_erlpack-1.zip: 83%
1/16/2026, 4:05:14 PM GMT-5 [Modules] Streaming discord_erlpack@1 to /home/dieguito/.config/discord/0.0.120/modules/pending/discord_erlpack-1.zip: 84%
1/16/2026, 4:05:14 PM GMT-5 [Modules] Streaming discord_erlpack@1 to /home/dieguito/.config/discord/0.0.120/modules/pending/discord_erlpack-1.zip: 85%
1/16/2026, 4:05:14 PM GMT-5 [Modules] Streaming discord_erlpack@1 to /home/dieguito/.config/discord/0.0.120/modules/pending/discord_erlpack-1.zip: 86%
1/16/2026, 4:05:14 PM GMT-5 [Modules] Streaming discord_erlpack@1 to /home/dieguito/.config/discord/0.0.120/modules/pending/discord_erlpack-1.zip: 87%
1/16/2026, 4:05:14 PM GMT-5 [Modules] Streaming discord_erlpack@1 to /home/dieguito/.config/discord/0.0.120/modules/pending/discord_erlpack-1.zip: 88%
1/16/2026, 4:05:14 PM GMT-5 [Modules] Streaming discord_erlpack@1 to /home/dieguito/.config/discord/0.0.120/modules/pending/discord_erlpack-1.zip: 89%
1/16/2026, 4:05:14 PM GMT-5 [Modules] Streaming discord_erlpack@1 to /home/dieguito/.config/discord/0.0.120/modules/pending/discord_erlpack-1.zip: 90%
1/16/2026, 4:05:14 PM GMT-5 [Modules] Streaming discord_erlpack@1 to /home/dieguito/.config/discord/0.0.120/modules/pending/discord_erlpack-1.zip: 91%
1/16/2026, 4:05:14 PM GMT-5 [Modules] Streaming discord_erlpack@1 to /home/dieguito/.config/discord/0.0.120/modules/pending/discord_erlpack-1.zip: 92%
1/16/2026, 4:05:14 PM GMT-5 [Modules] Streaming discord_erlpack@1 to /home/dieguito/.config/discord/0.0.120/modules/pending/discord_erlpack-1.zip: 93%
1/16/2026, 4:05:14 PM GMT-5 [Modules] Streaming discord_erlpack@1 to /home/dieguito/.config/discord/0.0.120/modules/pending/discord_erlpack-1.zip: 94%
1/16/2026, 4:05:14 PM GMT-5 [Modules] Streaming discord_erlpack@1 to /home/dieguito/.config/discord/0.0.120/modules/pending/discord_erlpack-1.zip: 95%
1/16/2026, 4:05:14 PM GMT-5 [Modules] Streaming discord_erlpack@1 to /home/dieguito/.config/discord/0.0.120/modules/pending/discord_erlpack-1.zip: 96%
1/16/2026, 4:05:14 PM GMT-5 [Modules] Streaming discord_erlpack@1 to /home/dieguito/.config/discord/0.0.120/modules/pending/discord_erlpack-1.zip: 97%
1/16/2026, 4:05:14 PM GMT-5 [Modules] Streaming discord_erlpack@1 to /home/dieguito/.config/discord/0.0.120/modules/pending/discord_erlpack-1.zip: 98%
1/16/2026, 4:05:14 PM GMT-5 [Modules] Streaming discord_erlpack@1 to /home/dieguito/.config/discord/0.0.120/modules/pending/discord_erlpack-1.zip: 99%
1/16/2026, 4:05:14 PM GMT-5 [Modules] Streaming discord_erlpack@1 to /home/dieguito/.config/discord/0.0.120/modules/pending/discord_erlpack-1.zip: 100%
1/16/2026, 4:05:14 PM GMT-5 [Modules] Fetching discord_spellcheck@1 from https://discord.com/api/modules/stable/discord_spellcheck/1
1/16/2026, 4:05:14 PM GMT-5 [Modules] Streaming discord_spellcheck@1 to /home/dieguito/.config/discord/0.0.120/modules/pending/discord_spellcheck-1.zip
1/16/2026, 4:05:16 PM GMT-5 [Modules] Streaming discord_spellcheck@1 to /home/dieguito/.config/discord/0.0.120/modules/pending/discord_spellcheck-1.zip: 1%
1/16/2026, 4:05:16 PM GMT-5 [Modules] Streaming discord_spellcheck@1 to /home/dieguito/.config/discord/0.0.120/modules/pending/discord_spellcheck-1.zip: 2%
1/16/2026, 4:05:16 PM GMT-5 [Modules] Streaming discord_spellcheck@1 to /home/dieguito/.config/discord/0.0.120/modules/pending/discord_spellcheck-1.zip: 3%
1/16/2026, 4:05:16 PM GMT-5 [Modules] Streaming discord_spellcheck@1 to /home/dieguito/.config/discord/0.0.120/modules/pending/discord_spellcheck-1.zip: 4%
1/16/2026, 4:05:16 PM GMT-5 [Modules] Streaming discord_spellcheck@1 to /home/dieguito/.config/discord/0.0.120/modules/pending/discord_spellcheck-1.zip: 5%
1/16/2026, 4:05:16 PM GMT-5 [Modules] Streaming discord_spellcheck@1 to /home/dieguito/.config/discord/0.0.120/modules/pending/discord_spellcheck-1.zip: 6%
1/16/2026, 4:05:16 PM GMT-5 [Modules] Streaming discord_spellcheck@1 to /home/dieguito/.config/discord/0.0.120/modules/pending/discord_spellcheck-1.zip: 7%
1/16/2026, 4:05:16 PM GMT-5 [Modules] Streaming discord_spellcheck@1 to /home/dieguito/.config/discord/0.0.120/modules/pending/discord_spellcheck-1.zip: 8%
1/16/2026, 4:05:16 PM GMT-5 [Modules] Streaming discord_spellcheck@1 to /home/dieguito/.config/discord/0.0.120/modules/pending/discord_spellcheck-1.zip: 9%
1/16/2026, 4:05:16 PM GMT-5 [Modules] Streaming discord_spellcheck@1 to /home/dieguito/.config/discord/0.0.120/modules/pending/discord_spellcheck-1.zip: 10%
1/16/2026, 4:05:16 PM GMT-5 [Modules] Streaming discord_spellcheck@1 to /home/dieguito/.config/discord/0.0.120/modules/pending/discord_spellcheck-1.zip: 11%
1/16/2026, 4:05:16 PM GMT-5 [Modules] Streaming discord_spellcheck@1 to /home/dieguito/.config/discord/0.0.120/modules/pending/discord_spellcheck-1.zip: 12%
1/16/2026, 4:05:16 PM GMT-5 [Modules] Streaming discord_spellcheck@1 to /home/dieguito/.config/discord/0.0.120/modules/pending/discord_spellcheck-1.zip: 13%
1/16/2026, 4:05:16 PM GMT-5 [Modules] Streaming discord_spellcheck@1 to /home/dieguito/.config/discord/0.0.120/modules/pending/discord_spellcheck-1.zip: 14%
1/16/2026, 4:05:16 PM GMT-5 [Modules] Streaming discord_spellcheck@1 to /home/dieguito/.config/discord/0.0.120/modules/pending/discord_spellcheck-1.zip: 15%
1/16/2026, 4:05:16 PM GMT-5 [Modules] Streaming discord_spellcheck@1 to /home/dieguito/.config/discord/0.0.120/modules/pending/discord_spellcheck-1.zip: 16%
1/16/2026, 4:05:16 PM GMT-5 [Modules] Streaming discord_spellcheck@1 to /home/dieguito/.config/discord/0.0.120/modules/pending/discord_spellcheck-1.zip: 17%
1/16/2026, 4:05:16 PM GMT-5 [Modules] Streaming discord_spellcheck@1 to /home/dieguito/.config/discord/0.0.120/modules/pending/discord_spellcheck-1.zip: 18%
1/16/2026, 4:05:16 PM GMT-5 [Modules] Streaming discord_spellcheck@1 to /home/dieguito/.config/discord/0.0.120/modules/pending/discord_spellcheck-1.zip: 19%
1/16/2026, 4:05:16 PM GMT-5 [Modules] Streaming discord_spellcheck@1 to /home/dieguito/.config/discord/0.0.120/modules/pending/discord_spellcheck-1.zip: 20%
1/16/2026, 4:05:16 PM GMT-5 [Modules] Streaming discord_spellcheck@1 to /home/dieguito/.config/discord/0.0.120/modules/pending/discord_spellcheck-1.zip: 21%
1/16/2026, 4:05:16 PM GMT-5 [Modules] Streaming discord_spellcheck@1 to /home/dieguito/.config/discord/0.0.120/modules/pending/discord_spellcheck-1.zip: 22%
1/16/2026, 4:05:16 PM GMT-5 [Modules] Streaming discord_spellcheck@1 to /home/dieguito/.config/discord/0.0.120/modules/pending/discord_spellcheck-1.zip: 24%
1/16/2026, 4:05:16 PM GMT-5 [Modules] Streaming discord_spellcheck@1 to /home/dieguito/.config/discord/0.0.120/modules/pending/discord_spellcheck-1.zip: 25%
1/16/2026, 4:05:16 PM GMT-5 [Modules] Streaming discord_spellcheck@1 to /home/dieguito/.config/discord/0.0.120/modules/pending/discord_spellcheck-1.zip: 26%
1/16/2026, 4:05:16 PM GMT-5 [Modules] Streaming discord_spellcheck@1 to /home/dieguito/.config/discord/0.0.120/modules/pending/discord_spellcheck-1.zip: 27%
1/16/2026, 4:05:16 PM GMT-5 [Modules] Streaming discord_spellcheck@1 to /home/dieguito/.config/discord/0.0.120/modules/pending/discord_spellcheck-1.zip: 28%
1/16/2026, 4:05:16 PM GMT-5 [Modules] Streaming discord_spellcheck@1 to /home/dieguito/.config/discord/0.0.120/modules/pending/discord_spellcheck-1.zip: 29%
1/16/2026, 4:05:16 PM GMT-5 [Modules] Streaming discord_spellcheck@1 to /home/dieguito/.config/discord/0.0.120/modules/pending/discord_spellcheck-1.zip: 30%
1/16/2026, 4:05:16 PM GMT-5 [Modules] Streaming discord_spellcheck@1 to /home/dieguito/.config/discord/0.0.120/modules/pending/discord_spellcheck-1.zip: 31%
1/16/2026, 4:05:16 PM GMT-5 [Modules] Streaming discord_spellcheck@1 to /home/dieguito/.config/discord/0.0.120/modules/pending/discord_spellcheck-1.zip: 32%
1/16/2026, 4:05:16 PM GMT-5 [Modules] Streaming discord_spellcheck@1 to /home/dieguito/.config/discord/0.0.120/modules/pending/discord_spellcheck-1.zip: 33%
1/16/2026, 4:05:16 PM GMT-5 [Modules] Streaming discord_spellcheck@1 to /home/dieguito/.config/discord/0.0.120/modules/pending/discord_spellcheck-1.zip: 34%
1/16/2026, 4:05:16 PM GMT-5 [Modules] Streaming discord_spellcheck@1 to /home/dieguito/.config/discord/0.0.120/modules/pending/discord_spellcheck-1.zip: 35%
1/16/2026, 4:05:16 PM GMT-5 [Modules] Streaming discord_spellcheck@1 to /home/dieguito/.config/discord/0.0.120/modules/pending/discord_spellcheck-1.zip: 36%
1/16/2026, 4:05:16 PM GMT-5 [Modules] Streaming discord_spellcheck@1 to /home/dieguito/.config/discord/0.0.120/modules/pending/discord_spellcheck-1.zip: 37%
1/16/2026, 4:05:16 PM GMT-5 [Modules] Streaming discord_spellcheck@1 to /home/dieguito/.config/discord/0.0.120/modules/pending/discord_spellcheck-1.zip: 38%
1/16/2026, 4:05:16 PM GMT-5 [Modules] Streaming discord_spellcheck@1 to /home/dieguito/.config/discord/0.0.120/modules/pending/discord_spellcheck-1.zip: 39%
1/16/2026, 4:05:16 PM GMT-5 [Modules] Streaming discord_spellcheck@1 to /home/dieguito/.config/discord/0.0.120/modules/pending/discord_spellcheck-1.zip: 40%
1/16/2026, 4:05:16 PM GMT-5 [Modules] Streaming discord_spellcheck@1 to /home/dieguito/.config/discord/0.0.120/modules/pending/discord_spellcheck-1.zip: 41%
1/16/2026, 4:05:16 PM GMT-5 [Modules] Streaming discord_spellcheck@1 to /home/dieguito/.config/discord/0.0.120/modules/pending/discord_spellcheck-1.zip: 45%
1/16/2026, 4:05:16 PM GMT-5 [Modules] Streaming discord_spellcheck@1 to /home/dieguito/.config/discord/0.0.120/modules/pending/discord_spellcheck-1.zip: 46%
1/16/2026, 4:05:16 PM GMT-5 [Modules] Streaming discord_spellcheck@1 to /home/dieguito/.config/discord/0.0.120/modules/pending/discord_spellcheck-1.zip: 47%
1/16/2026, 4:05:16 PM GMT-5 [Modules] Streaming discord_spellcheck@1 to /home/dieguito/.config/discord/0.0.120/modules/pending/discord_spellcheck-1.zip: 48%
1/16/2026, 4:05:16 PM GMT-5 [Modules] Streaming discord_spellcheck@1 to /home/dieguito/.config/discord/0.0.120/modules/pending/discord_spellcheck-1.zip: 49%
1/16/2026, 4:05:16 PM GMT-5 [Modules] Streaming discord_spellcheck@1 to /home/dieguito/.config/discord/0.0.120/modules/pending/discord_spellcheck-1.zip: 50%
1/16/2026, 4:05:16 PM GMT-5 [Modules] Streaming discord_spellcheck@1 to /home/dieguito/.config/discord/0.0.120/modules/pending/discord_spellcheck-1.zip: 51%
1/16/2026, 4:05:16 PM GMT-5 [Modules] Streaming discord_spellcheck@1 to /home/dieguito/.config/discord/0.0.120/modules/pending/discord_spellcheck-1.zip: 52%
1/16/2026, 4:05:16 PM GMT-5 [Modules] Streaming discord_spellcheck@1 to /home/dieguito/.config/discord/0.0.120/modules/pending/discord_spellcheck-1.zip: 53%
1/16/2026, 4:05:16 PM GMT-5 [Modules] Streaming discord_spellcheck@1 to /home/dieguito/.config/discord/0.0.120/modules/pending/discord_spellcheck-1.zip: 54%
1/16/2026, 4:05:16 PM GMT-5 [Modules] Streaming discord_spellcheck@1 to /home/dieguito/.config/discord/0.0.120/modules/pending/discord_spellcheck-1.zip: 55%
1/16/2026, 4:05:16 PM GMT-5 [Modules] Streaming discord_spellcheck@1 to /home/dieguito/.config/discord/0.0.120/modules/pending/discord_spellcheck-1.zip: 56%
1/16/2026, 4:05:16 PM GMT-5 [Modules] Streaming discord_spellcheck@1 to /home/dieguito/.config/discord/0.0.120/modules/pending/discord_spellcheck-1.zip: 57%
1/16/2026, 4:05:16 PM GMT-5 [Modules] Streaming discord_spellcheck@1 to /home/dieguito/.config/discord/0.0.120/modules/pending/discord_spellcheck-1.zip: 58%
1/16/2026, 4:05:16 PM GMT-5 [Modules] Streaming discord_spellcheck@1 to /home/dieguito/.config/discord/0.0.120/modules/pending/discord_spellcheck-1.zip: 59%
1/16/2026, 4:05:16 PM GMT-5 [Modules] Streaming discord_spellcheck@1 to /home/dieguito/.config/discord/0.0.120/modules/pending/discord_spellcheck-1.zip: 60%
1/16/2026, 4:05:16 PM GMT-5 [Modules] Streaming discord_spellcheck@1 to /home/dieguito/.config/discord/0.0.120/modules/pending/discord_spellcheck-1.zip: 61%
1/16/2026, 4:05:16 PM GMT-5 [Modules] Streaming discord_spellcheck@1 to /home/dieguito/.config/discord/0.0.120/modules/pending/discord_spellcheck-1.zip: 62%
1/16/2026, 4:05:16 PM GMT-5 [Modules] Streaming discord_spellcheck@1 to /home/dieguito/.config/discord/0.0.120/modules/pending/discord_spellcheck-1.zip: 63%
1/16/2026, 4:05:16 PM GMT-5 [Modules] Streaming discord_spellcheck@1 to /home/dieguito/.config/discord/0.0.120/modules/pending/discord_spellcheck-1.zip: 64%
1/16/2026, 4:05:16 PM GMT-5 [Modules] Streaming discord_spellcheck@1 to /home/dieguito/.config/discord/0.0.120/modules/pending/discord_spellcheck-1.zip: 65%
1/16/2026, 4:05:16 PM GMT-5 [Modules] Streaming discord_spellcheck@1 to /home/dieguito/.config/discord/0.0.120/modules/pending/discord_spellcheck-1.zip: 66%
1/16/2026, 4:05:16 PM GMT-5 [Modules] Streaming discord_spellcheck@1 to /home/dieguito/.config/discord/0.0.120/modules/pending/discord_spellcheck-1.zip: 67%
1/16/2026, 4:05:16 PM GMT-5 [Modules] Streaming discord_spellcheck@1 to /home/dieguito/.config/discord/0.0.120/modules/pending/discord_spellcheck-1.zip: 68%
1/16/2026, 4:05:16 PM GMT-5 [Modules] Streaming discord_spellcheck@1 to /home/dieguito/.config/discord/0.0.120/modules/pending/discord_spellcheck-1.zip: 69%
1/16/2026, 4:05:16 PM GMT-5 [Modules] Streaming discord_spellcheck@1 to /home/dieguito/.config/discord/0.0.120/modules/pending/discord_spellcheck-1.zip: 70%
1/16/2026, 4:05:16 PM GMT-5 [Modules] Streaming discord_spellcheck@1 to /home/dieguito/.config/discord/0.0.120/modules/pending/discord_spellcheck-1.zip: 71%
1/16/2026, 4:05:16 PM GMT-5 [Modules] Streaming discord_spellcheck@1 to /home/dieguito/.config/discord/0.0.120/modules/pending/discord_spellcheck-1.zip: 72%
1/16/2026, 4:05:16 PM GMT-5 [Modules] Streaming discord_spellcheck@1 to /home/dieguito/.config/discord/0.0.120/modules/pending/discord_spellcheck-1.zip: 73%
1/16/2026, 4:05:16 PM GMT-5 [Modules] Streaming discord_spellcheck@1 to /home/dieguito/.config/discord/0.0.120/modules/pending/discord_spellcheck-1.zip: 74%
1/16/2026, 4:05:16 PM GMT-5 [Modules] Streaming discord_spellcheck@1 to /home/dieguito/.config/discord/0.0.120/modules/pending/discord_spellcheck-1.zip: 75%
1/16/2026, 4:05:16 PM GMT-5 [Modules] Streaming discord_spellcheck@1 to /home/dieguito/.config/discord/0.0.120/modules/pending/discord_spellcheck-1.zip: 76%
1/16/2026, 4:05:16 PM GMT-5 [Modules] Streaming discord_spellcheck@1 to /home/dieguito/.config/discord/0.0.120/modules/pending/discord_spellcheck-1.zip: 77%
1/16/2026, 4:05:17 PM GMT-5 [Modules] Streaming discord_spellcheck@1 to /home/dieguito/.config/discord/0.0.120/modules/pending/discord_spellcheck-1.zip: 78%
1/16/2026, 4:05:17 PM GMT-5 [Modules] Streaming discord_spellcheck@1 to /home/dieguito/.config/discord/0.0.120/modules/pending/discord_spellcheck-1.zip: 79%
1/16/2026, 4:05:17 PM GMT-5 [Modules] Streaming discord_spellcheck@1 to /home/dieguito/.config/discord/0.0.120/modules/pending/discord_spellcheck-1.zip: 80%
1/16/2026, 4:05:17 PM GMT-5 [Modules] Streaming discord_spellcheck@1 to /home/dieguito/.config/discord/0.0.120/modules/pending/discord_spellcheck-1.zip: 81%
1/16/2026, 4:05:17 PM GMT-5 [Modules] Streaming discord_spellcheck@1 to /home/dieguito/.config/discord/0.0.120/modules/pending/discord_spellcheck-1.zip: 82%
1/16/2026, 4:05:17 PM GMT-5 [Modules] Streaming discord_spellcheck@1 to /home/dieguito/.config/discord/0.0.120/modules/pending/discord_spellcheck-1.zip: 83%
1/16/2026, 4:05:17 PM GMT-5 [Modules] Streaming discord_spellcheck@1 to /home/dieguito/.config/discord/0.0.120/modules/pending/discord_spellcheck-1.zip: 84%
1/16/2026, 4:05:17 PM GMT-5 [Modules] Streaming discord_spellcheck@1 to /home/dieguito/.config/discord/0.0.120/modules/pending/discord_spellcheck-1.zip: 85%
1/16/2026, 4:05:17 PM GMT-5 [Modules] Streaming discord_spellcheck@1 to /home/dieguito/.config/discord/0.0.120/modules/pending/discord_spellcheck-1.zip: 86%
1/16/2026, 4:05:17 PM GMT-5 [Modules] Streaming discord_spellcheck@1 to /home/dieguito/.config/discord/0.0.120/modules/pending/discord_spellcheck-1.zip: 87%
1/16/2026, 4:05:17 PM GMT-5 [Modules] Streaming discord_spellcheck@1 to /home/dieguito/.config/discord/0.0.120/modules/pending/discord_spellcheck-1.zip: 88%
1/16/2026, 4:05:17 PM GMT-5 [Modules] Streaming discord_spellcheck@1 to /home/dieguito/.config/discord/0.0.120/modules/pending/discord_spellcheck-1.zip: 89%
1/16/2026, 4:05:17 PM GMT-5 [Modules] Streaming discord_spellcheck@1 to /home/dieguito/.config/discord/0.0.120/modules/pending/discord_spellcheck-1.zip: 90%
1/16/2026, 4:05:17 PM GMT-5 [Modules] Streaming discord_spellcheck@1 to /home/dieguito/.config/discord/0.0.120/modules/pending/discord_spellcheck-1.zip: 91%
1/16/2026, 4:05:17 PM GMT-5 [Modules] Streaming discord_spellcheck@1 to /home/dieguito/.config/discord/0.0.120/modules/pending/discord_spellcheck-1.zip: 92%
1/16/2026, 4:05:17 PM GMT-5 [Modules] Streaming discord_spellcheck@1 to /home/dieguito/.config/discord/0.0.120/modules/pending/discord_spellcheck-1.zip: 93%
1/16/2026, 4:05:17 PM GMT-5 [Modules] Streaming discord_spellcheck@1 to /home/dieguito/.config/discord/0.0.120/modules/pending/discord_spellcheck-1.zip: 94%
1/16/2026, 4:05:17 PM GMT-5 [Modules] Streaming discord_spellcheck@1 to /home/dieguito/.config/discord/0.0.120/modules/pending/discord_spellcheck-1.zip: 95%
1/16/2026, 4:05:17 PM GMT-5 [Modules] Streaming discord_spellcheck@1 to /home/dieguito/.config/discord/0.0.120/modules/pending/discord_spellcheck-1.zip: 96%
1/16/2026, 4:05:17 PM GMT-5 [Modules] Streaming discord_spellcheck@1 to /home/dieguito/.config/discord/0.0.120/modules/pending/discord_spellcheck-1.zip: 97%
1/16/2026, 4:05:17 PM GMT-5 [Modules] Streaming discord_spellcheck@1 to /home/dieguito/.config/discord/0.0.120/modules/pending/discord_spellcheck-1.zip: 98%
1/16/2026, 4:05:17 PM GMT-5 [Modules] Streaming discord_spellcheck@1 to /home/dieguito/.config/discord/0.0.120/modules/pending/discord_spellcheck-1.zip: 99%
1/16/2026, 4:05:17 PM GMT-5 [Modules] Streaming discord_spellcheck@1 to /home/dieguito/.config/discord/0.0.120/modules/pending/discord_spellcheck-1.zip: 100%
1/16/2026, 4:05:17 PM GMT-5 [Modules] Fetching discord_utils@1 from https://discord.com/api/modules/stable/discord_utils/1
1/16/2026, 4:05:17 PM GMT-5 [Modules] Streaming discord_utils@1 to /home/dieguito/.config/discord/0.0.120/modules/pending/discord_utils-1.zip
1/16/2026, 4:05:18 PM GMT-5 [Modules] Streaming discord_utils@1 to /home/dieguito/.config/discord/0.0.120/modules/pending/discord_utils-1.zip: 1%
1/16/2026, 4:05:18 PM GMT-5 [Modules] Streaming discord_utils@1 to /home/dieguito/.config/discord/0.0.120/modules/pending/discord_utils-1.zip: 2%
1/16/2026, 4:05:18 PM GMT-5 [Modules] Streaming discord_utils@1 to /home/dieguito/.config/discord/0.0.120/modules/pending/discord_utils-1.zip: 3%
1/16/2026, 4:05:18 PM GMT-5 [Modules] Streaming discord_utils@1 to /home/dieguito/.config/discord/0.0.120/modules/pending/discord_utils-1.zip: 4%
1/16/2026, 4:05:18 PM GMT-5 [Modules] Streaming discord_utils@1 to /home/dieguito/.config/discord/0.0.120/modules/pending/discord_utils-1.zip: 5%
1/16/2026, 4:05:18 PM GMT-5 [Modules] Streaming discord_utils@1 to /home/dieguito/.config/discord/0.0.120/modules/pending/discord_utils-1.zip: 6%
1/16/2026, 4:05:18 PM GMT-5 [Modules] Streaming discord_utils@1 to /home/dieguito/.config/discord/0.0.120/modules/pending/discord_utils-1.zip: 7%
1/16/2026, 4:05:18 PM GMT-5 [Modules] Streaming discord_utils@1 to /home/dieguito/.config/discord/0.0.120/modules/pending/discord_utils-1.zip: 8%
1/16/2026, 4:05:18 PM GMT-5 [Modules] Streaming discord_utils@1 to /home/dieguito/.config/discord/0.0.120/modules/pending/discord_utils-1.zip: 9%
1/16/2026, 4:05:18 PM GMT-5 [Modules] Streaming discord_utils@1 to /home/dieguito/.config/discord/0.0.120/modules/pending/discord_utils-1.zip: 10%
1/16/2026, 4:05:18 PM GMT-5 [Modules] Streaming discord_utils@1 to /home/dieguito/.config/discord/0.0.120/modules/pending/discord_utils-1.zip: 11%
1/16/2026, 4:05:18 PM GMT-5 [Modules] Streaming discord_utils@1 to /home/dieguito/.config/discord/0.0.120/modules/pending/discord_utils-1.zip: 12%
1/16/2026, 4:05:18 PM GMT-5 [Modules] Streaming discord_utils@1 to /home/dieguito/.config/discord/0.0.120/modules/pending/discord_utils-1.zip: 13%
1/16/2026, 4:05:18 PM GMT-5 [Modules] Streaming discord_utils@1 to /home/dieguito/.config/discord/0.0.120/modules/pending/discord_utils-1.zip: 14%
1/16/2026, 4:05:18 PM GMT-5 [Modules] Streaming discord_utils@1 to /home/dieguito/.config/discord/0.0.120/modules/pending/discord_utils-1.zip: 15%
1/16/2026, 4:05:18 PM GMT-5 [Modules] Streaming discord_utils@1 to /home/dieguito/.config/discord/0.0.120/modules/pending/discord_utils-1.zip: 16%
1/16/2026, 4:05:18 PM GMT-5 [Modules] Streaming discord_utils@1 to /home/dieguito/.config/discord/0.0.120/modules/pending/discord_utils-1.zip: 17%
1/16/2026, 4:05:18 PM GMT-5 [Modules] Streaming discord_utils@1 to /home/dieguito/.config/discord/0.0.120/modules/pending/discord_utils-1.zip: 18%
1/16/2026, 4:05:18 PM GMT-5 [Modules] Streaming discord_utils@1 to /home/dieguito/.config/discord/0.0.120/modules/pending/discord_utils-1.zip: 19%
1/16/2026, 4:05:18 PM GMT-5 [Modules] Streaming discord_utils@1 to /home/dieguito/.config/discord/0.0.120/modules/pending/discord_utils-1.zip: 20%
1/16/2026, 4:05:18 PM GMT-5 [Modules] Streaming discord_utils@1 to /home/dieguito/.config/discord/0.0.120/modules/pending/discord_utils-1.zip: 21%
1/16/2026, 4:05:18 PM GMT-5 [Modules] Streaming discord_utils@1 to /home/dieguito/.config/discord/0.0.120/modules/pending/discord_utils-1.zip: 22%
1/16/2026, 4:05:18 PM GMT-5 [Modules] Streaming discord_utils@1 to /home/dieguito/.config/discord/0.0.120/modules/pending/discord_utils-1.zip: 23%
1/16/2026, 4:05:18 PM GMT-5 [Modules] Streaming discord_utils@1 to /home/dieguito/.config/discord/0.0.120/modules/pending/discord_utils-1.zip: 24%
1/16/2026, 4:05:18 PM GMT-5 [Modules] Streaming discord_utils@1 to /home/dieguito/.config/discord/0.0.120/modules/pending/discord_utils-1.zip: 25%
1/16/2026, 4:05:18 PM GMT-5 [Modules] Streaming discord_utils@1 to /home/dieguito/.config/discord/0.0.120/modules/pending/discord_utils-1.zip: 26%
1/16/2026, 4:05:18 PM GMT-5 [Modules] Streaming discord_utils@1 to /home/dieguito/.config/discord/0.0.120/modules/pending/discord_utils-1.zip: 27%
1/16/2026, 4:05:18 PM GMT-5 [Modules] Streaming discord_utils@1 to /home/dieguito/.config/discord/0.0.120/modules/pending/discord_utils-1.zip: 28%
1/16/2026, 4:05:18 PM GMT-5 [Modules] Streaming discord_utils@1 to /home/dieguito/.config/discord/0.0.120/modules/pending/discord_utils-1.zip: 29%
1/16/2026, 4:05:18 PM GMT-5 [Modules] Streaming discord_utils@1 to /home/dieguito/.config/discord/0.0.120/modules/pending/discord_utils-1.zip: 30%
1/16/2026, 4:05:18 PM GMT-5 [Modules] Streaming discord_utils@1 to /home/dieguito/.config/discord/0.0.120/modules/pending/discord_utils-1.zip: 31%
1/16/2026, 4:05:18 PM GMT-5 [Modules] Streaming discord_utils@1 to /home/dieguito/.config/discord/0.0.120/modules/pending/discord_utils-1.zip: 32%
1/16/2026, 4:05:18 PM GMT-5 [Modules] Streaming discord_utils@1 to /home/dieguito/.config/discord/0.0.120/modules/pending/discord_utils-1.zip: 33%
1/16/2026, 4:05:18 PM GMT-5 [Modules] Streaming discord_utils@1 to /home/dieguito/.config/discord/0.0.120/modules/pending/discord_utils-1.zip: 34%
1/16/2026, 4:05:18 PM GMT-5 [Modules] Streaming discord_utils@1 to /home/dieguito/.config/discord/0.0.120/modules/pending/discord_utils-1.zip: 35%
1/16/2026, 4:05:18 PM GMT-5 [Modules] Streaming discord_utils@1 to /home/dieguito/.config/discord/0.0.120/modules/pending/discord_utils-1.zip: 36%
1/16/2026, 4:05:18 PM GMT-5 [Modules] Streaming discord_utils@1 to /home/dieguito/.config/discord/0.0.120/modules/pending/discord_utils-1.zip: 37%
1/16/2026, 4:05:18 PM GMT-5 [Modules] Streaming discord_utils@1 to /home/dieguito/.config/discord/0.0.120/modules/pending/discord_utils-1.zip: 38%
1/16/2026, 4:05:18 PM GMT-5 [Modules] Streaming discord_utils@1 to /home/dieguito/.config/discord/0.0.120/modules/pending/discord_utils-1.zip: 39%
1/16/2026, 4:05:18 PM GMT-5 [Modules] Streaming discord_utils@1 to /home/dieguito/.config/discord/0.0.120/modules/pending/discord_utils-1.zip: 40%
1/16/2026, 4:05:18 PM GMT-5 [Modules] Streaming discord_utils@1 to /home/dieguito/.config/discord/0.0.120/modules/pending/discord_utils-1.zip: 41%
1/16/2026, 4:05:18 PM GMT-5 [Modules] Streaming discord_utils@1 to /home/dieguito/.config/discord/0.0.120/modules/pending/discord_utils-1.zip: 42%
1/16/2026, 4:05:18 PM GMT-5 [Modules] Streaming discord_utils@1 to /home/dieguito/.config/discord/0.0.120/modules/pending/discord_utils-1.zip: 43%
1/16/2026, 4:05:18 PM GMT-5 [Modules] Streaming discord_utils@1 to /home/dieguito/.config/discord/0.0.120/modules/pending/discord_utils-1.zip: 44%
1/16/2026, 4:05:18 PM GMT-5 [Modules] Streaming discord_utils@1 to /home/dieguito/.config/discord/0.0.120/modules/pending/discord_utils-1.zip: 45%
1/16/2026, 4:05:18 PM GMT-5 [Modules] Streaming discord_utils@1 to /home/dieguito/.config/discord/0.0.120/modules/pending/discord_utils-1.zip: 46%
1/16/2026, 4:05:18 PM GMT-5 [Modules] Streaming discord_utils@1 to /home/dieguito/.config/discord/0.0.120/modules/pending/discord_utils-1.zip: 47%
1/16/2026, 4:05:18 PM GMT-5 [Modules] Streaming discord_utils@1 to /home/dieguito/.config/discord/0.0.120/modules/pending/discord_utils-1.zip: 48%
1/16/2026, 4:05:18 PM GMT-5 [Modules] Streaming discord_utils@1 to /home/dieguito/.config/discord/0.0.120/modules/pending/discord_utils-1.zip: 49%
1/16/2026, 4:05:18 PM GMT-5 [Modules] Streaming discord_utils@1 to /home/dieguito/.config/discord/0.0.120/modules/pending/discord_utils-1.zip: 50%
1/16/2026, 4:05:18 PM GMT-5 [Modules] Streaming discord_utils@1 to /home/dieguito/.config/discord/0.0.120/modules/pending/discord_utils-1.zip: 51%
1/16/2026, 4:05:18 PM GMT-5 [Modules] Streaming discord_utils@1 to /home/dieguito/.config/discord/0.0.120/modules/pending/discord_utils-1.zip: 52%
1/16/2026, 4:05:18 PM GMT-5 [Modules] Streaming discord_utils@1 to /home/dieguito/.config/discord/0.0.120/modules/pending/discord_utils-1.zip: 53%
1/16/2026, 4:05:18 PM GMT-5 [Modules] Streaming discord_utils@1 to /home/dieguito/.config/discord/0.0.120/modules/pending/discord_utils-1.zip: 54%
1/16/2026, 4:05:18 PM GMT-5 [Modules] Streaming discord_utils@1 to /home/dieguito/.config/discord/0.0.120/modules/pending/discord_utils-1.zip: 55%
1/16/2026, 4:05:18 PM GMT-5 [Modules] Streaming discord_utils@1 to /home/dieguito/.config/discord/0.0.120/modules/pending/discord_utils-1.zip: 56%
1/16/2026, 4:05:18 PM GMT-5 [Modules] Streaming discord_utils@1 to /home/dieguito/.config/discord/0.0.120/modules/pending/discord_utils-1.zip: 61%
1/16/2026, 4:05:18 PM GMT-5 [Modules] Streaming discord_utils@1 to /home/dieguito/.config/discord/0.0.120/modules/pending/discord_utils-1.zip: 62%
1/16/2026, 4:05:18 PM GMT-5 [Modules] Streaming discord_utils@1 to /home/dieguito/.config/discord/0.0.120/modules/pending/discord_utils-1.zip: 63%
1/16/2026, 4:05:18 PM GMT-5 [Modules] Streaming discord_utils@1 to /home/dieguito/.config/discord/0.0.120/modules/pending/discord_utils-1.zip: 64%
1/16/2026, 4:05:18 PM GMT-5 [Modules] Streaming discord_utils@1 to /home/dieguito/.config/discord/0.0.120/modules/pending/discord_utils-1.zip: 65%
1/16/2026, 4:05:18 PM GMT-5 [Modules] Streaming discord_utils@1 to /home/dieguito/.config/discord/0.0.120/modules/pending/discord_utils-1.zip: 66%
1/16/2026, 4:05:18 PM GMT-5 [Modules] Streaming discord_utils@1 to /home/dieguito/.config/discord/0.0.120/modules/pending/discord_utils-1.zip: 67%
1/16/2026, 4:05:18 PM GMT-5 [Modules] Streaming discord_utils@1 to /home/dieguito/.config/discord/0.0.120/modules/pending/discord_utils-1.zip: 68%
1/16/2026, 4:05:18 PM GMT-5 [Modules] Streaming discord_utils@1 to /home/dieguito/.config/discord/0.0.120/modules/pending/discord_utils-1.zip: 69%
1/16/2026, 4:05:18 PM GMT-5 [Modules] Streaming discord_utils@1 to /home/dieguito/.config/discord/0.0.120/modules/pending/discord_utils-1.zip: 70%
1/16/2026, 4:05:18 PM GMT-5 [Modules] Streaming discord_utils@1 to /home/dieguito/.config/discord/0.0.120/modules/pending/discord_utils-1.zip: 71%
1/16/2026, 4:05:18 PM GMT-5 [Modules] Streaming discord_utils@1 to /home/dieguito/.config/discord/0.0.120/modules/pending/discord_utils-1.zip: 72%
1/16/2026, 4:05:18 PM GMT-5 [Modules] Streaming discord_utils@1 to /home/dieguito/.config/discord/0.0.120/modules/pending/discord_utils-1.zip: 73%
1/16/2026, 4:05:18 PM GMT-5 [Modules] Streaming discord_utils@1 to /home/dieguito/.config/discord/0.0.120/modules/pending/discord_utils-1.zip: 74%
1/16/2026, 4:05:18 PM GMT-5 [Modules] Streaming discord_utils@1 to /home/dieguito/.config/discord/0.0.120/modules/pending/discord_utils-1.zip: 75%
1/16/2026, 4:05:18 PM GMT-5 [Modules] Streaming discord_utils@1 to /home/dieguito/.config/discord/0.0.120/modules/pending/discord_utils-1.zip: 76%
1/16/2026, 4:05:18 PM GMT-5 [Modules] Streaming discord_utils@1 to /home/dieguito/.config/discord/0.0.120/modules/pending/discord_utils-1.zip: 77%
1/16/2026, 4:05:18 PM GMT-5 [Modules] Streaming discord_utils@1 to /home/dieguito/.config/discord/0.0.120/modules/pending/discord_utils-1.zip: 78%
1/16/2026, 4:05:18 PM GMT-5 [Modules] Streaming discord_utils@1 to /home/dieguito/.config/discord/0.0.120/modules/pending/discord_utils-1.zip: 79%
1/16/2026, 4:05:18 PM GMT-5 [Modules] Streaming discord_utils@1 to /home/dieguito/.config/discord/0.0.120/modules/pending/discord_utils-1.zip: 80%
1/16/2026, 4:05:18 PM GMT-5 [Modules] Streaming discord_utils@1 to /home/dieguito/.config/discord/0.0.120/modules/pending/discord_utils-1.zip: 81%
1/16/2026, 4:05:18 PM GMT-5 [Modules] Streaming discord_utils@1 to /home/dieguito/.config/discord/0.0.120/modules/pending/discord_utils-1.zip: 82%
1/16/2026, 4:05:18 PM GMT-5 [Modules] Streaming discord_utils@1 to /home/dieguito/.config/discord/0.0.120/modules/pending/discord_utils-1.zip: 83%
1/16/2026, 4:05:18 PM GMT-5 [Modules] Streaming discord_utils@1 to /home/dieguito/.config/discord/0.0.120/modules/pending/discord_utils-1.zip: 84%
1/16/2026, 4:05:18 PM GMT-5 [Modules] Streaming discord_utils@1 to /home/dieguito/.config/discord/0.0.120/modules/pending/discord_utils-1.zip: 85%
1/16/2026, 4:05:18 PM GMT-5 [Modules] Streaming discord_utils@1 to /home/dieguito/.config/discord/0.0.120/modules/pending/discord_utils-1.zip: 86%
1/16/2026, 4:05:18 PM GMT-5 [Modules] Streaming discord_utils@1 to /home/dieguito/.config/discord/0.0.120/modules/pending/discord_utils-1.zip: 87%
1/16/2026, 4:05:18 PM GMT-5 [Modules] Streaming discord_utils@1 to /home/dieguito/.config/discord/0.0.120/modules/pending/discord_utils-1.zip: 88%
1/16/2026, 4:05:18 PM GMT-5 [Modules] Streaming discord_utils@1 to /home/dieguito/.config/discord/0.0.120/modules/pending/discord_utils-1.zip: 89%
1/16/2026, 4:05:18 PM GMT-5 [Modules] Streaming discord_utils@1 to /home/dieguito/.config/discord/0.0.120/modules/pending/discord_utils-1.zip: 90%
1/16/2026, 4:05:18 PM GMT-5 [Modules] Streaming discord_utils@1 to /home/dieguito/.config/discord/0.0.120/modules/pending/discord_utils-1.zip: 91%
1/16/2026, 4:05:18 PM GMT-5 [Modules] Streaming discord_utils@1 to /home/dieguito/.config/discord/0.0.120/modules/pending/discord_utils-1.zip: 92%
1/16/2026, 4:05:18 PM GMT-5 [Modules] Streaming discord_utils@1 to /home/dieguito/.config/discord/0.0.120/modules/pending/discord_utils-1.zip: 93%
1/16/2026, 4:05:18 PM GMT-5 [Modules] Streaming discord_utils@1 to /home/dieguito/.config/discord/0.0.120/modules/pending/discord_utils-1.zip: 94%
1/16/2026, 4:05:18 PM GMT-5 [Modules] Streaming discord_utils@1 to /home/dieguito/.config/discord/0.0.120/modules/pending/discord_utils-1.zip: 95%
1/16/2026, 4:05:18 PM GMT-5 [Modules] Streaming discord_utils@1 to /home/dieguito/.config/discord/0.0.120/modules/pending/discord_utils-1.zip: 96%
1/16/2026, 4:05:18 PM GMT-5 [Modules] Streaming discord_utils@1 to /home/dieguito/.config/discord/0.0.120/modules/pending/discord_utils-1.zip: 97%
1/16/2026, 4:05:18 PM GMT-5 [Modules] Streaming discord_utils@1 to /home/dieguito/.config/discord/0.0.120/modules/pending/discord_utils-1.zip: 98%
1/16/2026, 4:05:18 PM GMT-5 [Modules] Streaming discord_utils@1 to /home/dieguito/.config/discord/0.0.120/modules/pending/discord_utils-1.zip: 99%
1/16/2026, 4:05:18 PM GMT-5 [Modules] Streaming discord_utils@1 to /home/dieguito/.config/discord/0.0.120/modules/pending/discord_utils-1.zip: 100%
1/16/2026, 4:05:18 PM GMT-5 [Modules] Fetching discord_voice@1 from https://discord.com/api/modules/stable/discord_voice/1
1/16/2026, 4:05:18 PM GMT-5 [Modules] Streaming discord_voice@1 to /home/dieguito/.config/discord/0.0.120/modules/pending/discord_voice-1.zip
1/16/2026, 4:05:20 PM GMT-5 [Modules] Streaming discord_voice@1 to /home/dieguito/.config/discord/0.0.120/modules/pending/discord_voice-1.zip: 1%
1/16/2026, 4:05:20 PM GMT-5 [Modules] Streaming discord_voice@1 to /home/dieguito/.config/discord/0.0.120/modules/pending/discord_voice-1.zip: 2%
1/16/2026, 4:05:20 PM GMT-5 [Modules] Streaming discord_voice@1 to /home/dieguito/.config/discord/0.0.120/modules/pending/discord_voice-1.zip: 3%
1/16/2026, 4:05:20 PM GMT-5 [Modules] Streaming discord_voice@1 to /home/dieguito/.config/discord/0.0.120/modules/pending/discord_voice-1.zip: 4%
1/16/2026, 4:05:20 PM GMT-5 [Modules] Streaming discord_voice@1 to /home/dieguito/.config/discord/0.0.120/modules/pending/discord_voice-1.zip: 5%
1/16/2026, 4:05:20 PM GMT-5 [Modules] Streaming discord_voice@1 to /home/dieguito/.config/discord/0.0.120/modules/pending/discord_voice-1.zip: 6%
1/16/2026, 4:05:20 PM GMT-5 [Modules] Streaming discord_voice@1 to /home/dieguito/.config/discord/0.0.120/modules/pending/discord_voice-1.zip: 7%
1/16/2026, 4:05:20 PM GMT-5 [Modules] Streaming discord_voice@1 to /home/dieguito/.config/discord/0.0.120/modules/pending/discord_voice-1.zip: 8%
1/16/2026, 4:05:20 PM GMT-5 [Modules] Streaming discord_voice@1 to /home/dieguito/.config/discord/0.0.120/modules/pending/discord_voice-1.zip: 9%
1/16/2026, 4:05:20 PM GMT-5 [Modules] Streaming discord_voice@1 to /home/dieguito/.config/discord/0.0.120/modules/pending/discord_voice-1.zip: 10%
1/16/2026, 4:05:20 PM GMT-5 [Modules] Streaming discord_voice@1 to /home/dieguito/.config/discord/0.0.120/modules/pending/discord_voice-1.zip: 11%
1/16/2026, 4:05:20 PM GMT-5 [Modules] Streaming discord_voice@1 to /home/dieguito/.config/discord/0.0.120/modules/pending/discord_voice-1.zip: 12%
1/16/2026, 4:05:20 PM GMT-5 [Modules] Streaming discord_voice@1 to /home/dieguito/.config/discord/0.0.120/modules/pending/discord_voice-1.zip: 13%
1/16/2026, 4:05:21 PM GMT-5 [Modules] Streaming discord_voice@1 to /home/dieguito/.config/discord/0.0.120/modules/pending/discord_voice-1.zip: 14%
1/16/2026, 4:05:21 PM GMT-5 [Modules] Streaming discord_voice@1 to /home/dieguito/.config/discord/0.0.120/modules/pending/discord_voice-1.zip: 15%
1/16/2026, 4:05:21 PM GMT-5 [Modules] Streaming discord_voice@1 to /home/dieguito/.config/discord/0.0.120/modules/pending/discord_voice-1.zip: 16%
1/16/2026, 4:05:21 PM GMT-5 [Modules] Streaming discord_voice@1 to /home/dieguito/.config/discord/0.0.120/modules/pending/discord_voice-1.zip: 17%
1/16/2026, 4:05:23 PM GMT-5 [Modules] Streaming discord_voice@1 to /home/dieguito/.config/discord/0.0.120/modules/pending/discord_voice-1.zip: 18%
1/16/2026, 4:05:23 PM GMT-5 [Modules] Streaming discord_voice@1 to /home/dieguito/.config/discord/0.0.120/modules/pending/discord_voice-1.zip: 19%
1/16/2026, 4:05:24 PM GMT-5 [Modules] Streaming discord_voice@1 to /home/dieguito/.config/discord/0.0.120/modules/pending/discord_voice-1.zip: 20%
1/16/2026, 4:05:24 PM GMT-5 [Modules] Streaming discord_voice@1 to /home/dieguito/.config/discord/0.0.120/modules/pending/discord_voice-1.zip: 21%
1/16/2026, 4:05:24 PM GMT-5 [Modules] Streaming discord_voice@1 to /home/dieguito/.config/discord/0.0.120/modules/pending/discord_voice-1.zip: 22%
1/16/2026, 4:05:24 PM GMT-5 [Modules] Streaming discord_voice@1 to /home/dieguito/.config/discord/0.0.120/modules/pending/discord_voice-1.zip: 23%
1/16/2026, 4:05:24 PM GMT-5 [Modules] Streaming discord_voice@1 to /home/dieguito/.config/discord/0.0.120/modules/pending/discord_voice-1.zip: 24%
1/16/2026, 4:05:24 PM GMT-5 [Modules] Streaming discord_voice@1 to /home/dieguito/.config/discord/0.0.120/modules/pending/discord_voice-1.zip: 25%
1/16/2026, 4:05:24 PM GMT-5 [Modules] Streaming discord_voice@1 to /home/dieguito/.config/discord/0.0.120/modules/pending/discord_voice-1.zip: 26%
1/16/2026, 4:05:24 PM GMT-5 [Modules] Streaming discord_voice@1 to /home/dieguito/.config/discord/0.0.120/modules/pending/discord_voice-1.zip: 27%
1/16/2026, 4:05:24 PM GMT-5 [Modules] Streaming discord_voice@1 to /home/dieguito/.config/discord/0.0.120/modules/pending/discord_voice-1.zip: 28%
1/16/2026, 4:05:24 PM GMT-5 [Modules] Streaming discord_voice@1 to /home/dieguito/.config/discord/0.0.120/modules/pending/discord_voice-1.zip: 29%
1/16/2026, 4:05:24 PM GMT-5 [Modules] Streaming discord_voice@1 to /home/dieguito/.config/discord/0.0.120/modules/pending/discord_voice-1.zip: 30%
1/16/2026, 4:05:25 PM GMT-5 [Modules] Streaming discord_voice@1 to /home/dieguito/.config/discord/0.0.120/modules/pending/discord_voice-1.zip: 31%
1/16/2026, 4:05:25 PM GMT-5 [Modules] Streaming discord_voice@1 to /home/dieguito/.config/discord/0.0.120/modules/pending/discord_voice-1.zip: 32%
1/16/2026, 4:05:25 PM GMT-5 [Modules] Streaming discord_voice@1 to /home/dieguito/.config/discord/0.0.120/modules/pending/discord_voice-1.zip: 33%
1/16/2026, 4:05:25 PM GMT-5 [Modules] Streaming discord_voice@1 to /home/dieguito/.config/discord/0.0.120/modules/pending/discord_voice-1.zip: 34%
1/16/2026, 4:05:25 PM GMT-5 [Modules] Streaming discord_voice@1 to /home/dieguito/.config/discord/0.0.120/modules/pending/discord_voice-1.zip: 35%
1/16/2026, 4:05:25 PM GMT-5 [Modules] Streaming discord_voice@1 to /home/dieguito/.config/discord/0.0.120/modules/pending/discord_voice-1.zip: 36%
1/16/2026, 4:05:25 PM GMT-5 [Modules] Streaming discord_voice@1 to /home/dieguito/.config/discord/0.0.120/modules/pending/discord_voice-1.zip: 37%
1/16/2026, 4:05:25 PM GMT-5 [Modules] Streaming discord_voice@1 to /home/dieguito/.config/discord/0.0.120/modules/pending/discord_voice-1.zip: 38%
1/16/2026, 4:05:25 PM GMT-5 [Modules] Streaming discord_voice@1 to /home/dieguito/.config/discord/0.0.120/modules/pending/discord_voice-1.zip: 39%
1/16/2026, 4:05:25 PM GMT-5 [Modules] Streaming discord_voice@1 to /home/dieguito/.config/discord/0.0.120/modules/pending/discord_voice-1.zip: 40%
1/16/2026, 4:05:25 PM GMT-5 [Modules] Streaming discord_voice@1 to /home/dieguito/.config/discord/0.0.120/modules/pending/discord_voice-1.zip: 41%
1/16/2026, 4:05:25 PM GMT-5 [Modules] Streaming discord_voice@1 to /home/dieguito/.config/discord/0.0.120/modules/pending/discord_voice-1.zip: 42%
1/16/2026, 4:05:25 PM GMT-5 [Modules] Streaming discord_voice@1 to /home/dieguito/.config/discord/0.0.120/modules/pending/discord_voice-1.zip: 43%
1/16/2026, 4:05:25 PM GMT-5 [Modules] Streaming discord_voice@1 to /home/dieguito/.config/discord/0.0.120/modules/pending/discord_voice-1.zip: 44%
1/16/2026, 4:05:25 PM GMT-5 [Modules] Streaming discord_voice@1 to /home/dieguito/.config/discord/0.0.120/modules/pending/discord_voice-1.zip: 45%
1/16/2026, 4:05:25 PM GMT-5 [Modules] Streaming discord_voice@1 to /home/dieguito/.config/discord/0.0.120/modules/pending/discord_voice-1.zip: 46%
1/16/2026, 4:05:26 PM GMT-5 [Modules] Streaming discord_voice@1 to /home/dieguito/.config/discord/0.0.120/modules/pending/discord_voice-1.zip: 47%
1/16/2026, 4:05:27 PM GMT-5 [Modules] Streaming discord_voice@1 to /home/dieguito/.config/discord/0.0.120/modules/pending/discord_voice-1.zip: 48%
1/16/2026, 4:05:28 PM GMT-5 [Modules] Streaming discord_voice@1 to /home/dieguito/.config/discord/0.0.120/modules/pending/discord_voice-1.zip: 49%
1/16/2026, 4:05:29 PM GMT-5 [Modules] Streaming discord_voice@1 to /home/dieguito/.config/discord/0.0.120/modules/pending/discord_voice-1.zip: 50%
1/16/2026, 4:05:29 PM GMT-5 [Modules] Streaming discord_voice@1 to /home/dieguito/.config/discord/0.0.120/modules/pending/discord_voice-1.zip: 51%
1/16/2026, 4:05:29 PM GMT-5 [Modules] Streaming discord_voice@1 to /home/dieguito/.config/discord/0.0.120/modules/pending/discord_voice-1.zip: 52%
1/16/2026, 4:05:30 PM GMT-5 [Modules] Streaming discord_voice@1 to /home/dieguito/.config/discord/0.0.120/modules/pending/discord_voice-1.zip: 53%
1/16/2026, 4:05:30 PM GMT-5 [Modules] Streaming discord_voice@1 to /home/dieguito/.config/discord/0.0.120/modules/pending/discord_voice-1.zip: 54%
1/16/2026, 4:05:30 PM GMT-5 [Modules] Streaming discord_voice@1 to /home/dieguito/.config/discord/0.0.120/modules/pending/discord_voice-1.zip: 55%
1/16/2026, 4:05:30 PM GMT-5 [Modules] Streaming discord_voice@1 to /home/dieguito/.config/discord/0.0.120/modules/pending/discord_voice-1.zip: 56%
1/16/2026, 4:05:32 PM GMT-5 [Modules] Streaming discord_voice@1 to /home/dieguito/.config/discord/0.0.120/modules/pending/discord_voice-1.zip: 57%
1/16/2026, 4:05:32 PM GMT-5 [Modules] Streaming discord_voice@1 to /home/dieguito/.config/discord/0.0.120/modules/pending/discord_voice-1.zip: 58%
1/16/2026, 4:05:33 PM GMT-5 [Modules] Streaming discord_voice@1 to /home/dieguito/.config/discord/0.0.120/modules/pending/discord_voice-1.zip: 59%
1/16/2026, 4:05:33 PM GMT-5 [Modules] Streaming discord_voice@1 to /home/dieguito/.config/discord/0.0.120/modules/pending/discord_voice-1.zip: 60%
1/16/2026, 4:05:34 PM GMT-5 [Modules] Streaming discord_voice@1 to /home/dieguito/.config/discord/0.0.120/modules/pending/discord_voice-1.zip: 61%
1/16/2026, 4:05:34 PM GMT-5 [Modules] Streaming discord_voice@1 to /home/dieguito/.config/discord/0.0.120/modules/pending/discord_voice-1.zip: 62%
1/16/2026, 4:05:35 PM GMT-5 [Modules] Streaming discord_voice@1 to /home/dieguito/.config/discord/0.0.120/modules/pending/discord_voice-1.zip: 63%
1/16/2026, 4:05:35 PM GMT-5 [Modules] Streaming discord_voice@1 to /home/dieguito/.config/discord/0.0.120/modules/pending/discord_voice-1.zip: 64%
1/16/2026, 4:05:35 PM GMT-5 [Modules] Streaming discord_voice@1 to /home/dieguito/.config/discord/0.0.120/modules/pending/discord_voice-1.zip: 65%
1/16/2026, 4:05:35 PM GMT-5 [Modules] Streaming discord_voice@1 to /home/dieguito/.config/discord/0.0.120/modules/pending/discord_voice-1.zip: 66%
1/16/2026, 4:05:35 PM GMT-5 [Modules] Streaming discord_voice@1 to /home/dieguito/.config/discord/0.0.120/modules/pending/discord_voice-1.zip: 67%
1/16/2026, 4:05:35 PM GMT-5 [Modules] Streaming discord_voice@1 to /home/dieguito/.config/discord/0.0.120/modules/pending/discord_voice-1.zip: 68%
1/16/2026, 4:05:35 PM GMT-5 [Modules] Streaming discord_voice@1 to /home/dieguito/.config/discord/0.0.120/modules/pending/discord_voice-1.zip: 69%
1/16/2026, 4:05:35 PM GMT-5 [Modules] Streaming discord_voice@1 to /home/dieguito/.config/discord/0.0.120/modules/pending/discord_voice-1.zip: 70%
1/16/2026, 4:05:35 PM GMT-5 [Modules] Streaming discord_voice@1 to /home/dieguito/.config/discord/0.0.120/modules/pending/discord_voice-1.zip: 71%
1/16/2026, 4:05:35 PM GMT-5 [Modules] Streaming discord_voice@1 to /home/dieguito/.config/discord/0.0.120/modules/pending/discord_voice-1.zip: 72%
1/16/2026, 4:05:35 PM GMT-5 [Modules] Streaming discord_voice@1 to /home/dieguito/.config/discord/0.0.120/modules/pending/discord_voice-1.zip: 73%
1/16/2026, 4:05:35 PM GMT-5 [Modules] Streaming discord_voice@1 to /home/dieguito/.config/discord/0.0.120/modules/pending/discord_voice-1.zip: 74%
1/16/2026, 4:05:35 PM GMT-5 [Modules] Streaming discord_voice@1 to /home/dieguito/.config/discord/0.0.120/modules/pending/discord_voice-1.zip: 75%
1/16/2026, 4:05:35 PM GMT-5 [Modules] Streaming discord_voice@1 to /home/dieguito/.config/discord/0.0.120/modules/pending/discord_voice-1.zip: 76%
1/16/2026, 4:05:35 PM GMT-5 [Modules] Streaming discord_voice@1 to /home/dieguito/.config/discord/0.0.120/modules/pending/discord_voice-1.zip: 77%
1/16/2026, 4:05:36 PM GMT-5 [Modules] Streaming discord_voice@1 to /home/dieguito/.config/discord/0.0.120/modules/pending/discord_voice-1.zip: 78%
1/16/2026, 4:05:36 PM GMT-5 [Modules] Streaming discord_voice@1 to /home/dieguito/.config/discord/0.0.120/modules/pending/discord_voice-1.zip: 79%
1/16/2026, 4:05:36 PM GMT-5 [Modules] Streaming discord_voice@1 to /home/dieguito/.config/discord/0.0.120/modules/pending/discord_voice-1.zip: 80%
1/16/2026, 4:05:36 PM GMT-5 [Modules] Streaming discord_voice@1 to /home/dieguito/.config/discord/0.0.120/modules/pending/discord_voice-1.zip: 81%
1/16/2026, 4:05:36 PM GMT-5 [Modules] Streaming discord_voice@1 to /home/dieguito/.config/discord/0.0.120/modules/pending/discord_voice-1.zip: 82%
1/16/2026, 4:05:36 PM GMT-5 [Modules] Streaming discord_voice@1 to /home/dieguito/.config/discord/0.0.120/modules/pending/discord_voice-1.zip: 83%
1/16/2026, 4:05:37 PM GMT-5 [Modules] Streaming discord_voice@1 to /home/dieguito/.config/discord/0.0.120/modules/pending/discord_voice-1.zip: 84%
1/16/2026, 4:05:37 PM GMT-5 [Modules] Streaming discord_voice@1 to /home/dieguito/.config/discord/0.0.120/modules/pending/discord_voice-1.zip: 85%
1/16/2026, 4:05:37 PM GMT-5 [Modules] Streaming discord_voice@1 to /home/dieguito/.config/discord/0.0.120/modules/pending/discord_voice-1.zip: 86%
1/16/2026, 4:05:37 PM GMT-5 [Modules] Streaming discord_voice@1 to /home/dieguito/.config/discord/0.0.120/modules/pending/discord_voice-1.zip: 87%
1/16/2026, 4:05:37 PM GMT-5 [Modules] Streaming discord_voice@1 to /home/dieguito/.config/discord/0.0.120/modules/pending/discord_voice-1.zip: 88%
1/16/2026, 4:05:37 PM GMT-5 [Modules] Streaming discord_voice@1 to /home/dieguito/.config/discord/0.0.120/modules/pending/discord_voice-1.zip: 89%
1/16/2026, 4:05:38 PM GMT-5 [Modules] Streaming discord_voice@1 to /home/dieguito/.config/discord/0.0.120/modules/pending/discord_voice-1.zip: 90%
1/16/2026, 4:05:38 PM GMT-5 [Modules] Streaming discord_voice@1 to /home/dieguito/.config/discord/0.0.120/modules/pending/discord_voice-1.zip: 91%
1/16/2026, 4:05:38 PM GMT-5 [Modules] Streaming discord_voice@1 to /home/dieguito/.config/discord/0.0.120/modules/pending/discord_voice-1.zip: 92%
1/16/2026, 4:05:38 PM GMT-5 [Modules] Streaming discord_voice@1 to /home/dieguito/.config/discord/0.0.120/modules/pending/discord_voice-1.zip: 93%
1/16/2026, 4:05:38 PM GMT-5 [Modules] Streaming discord_voice@1 to /home/dieguito/.config/discord/0.0.120/modules/pending/discord_voice-1.zip: 94%
1/16/2026, 4:05:38 PM GMT-5 [Modules] Streaming discord_voice@1 to /home/dieguito/.config/discord/0.0.120/modules/pending/discord_voice-1.zip: 95%
1/16/2026, 4:05:38 PM GMT-5 [Modules] Streaming discord_voice@1 to /home/dieguito/.config/discord/0.0.120/modules/pending/discord_voice-1.zip: 96%
1/16/2026, 4:05:38 PM GMT-5 [Modules] Streaming discord_voice@1 to /home/dieguito/.config/discord/0.0.120/modules/pending/discord_voice-1.zip: 97%
1/16/2026, 4:05:38 PM GMT-5 [Modules] Streaming discord_voice@1 to /home/dieguito/.config/discord/0.0.120/modules/pending/discord_voice-1.zip: 98%
1/16/2026, 4:05:38 PM GMT-5 [Modules] Streaming discord_voice@1 to /home/dieguito/.config/discord/0.0.120/modules/pending/discord_voice-1.zip: 99%
1/16/2026, 4:05:39 PM GMT-5 [Modules] Streaming discord_voice@1 to /home/dieguito/.config/discord/0.0.120/modules/pending/discord_voice-1.zip: 100%
1/16/2026, 4:05:39 PM GMT-5 [Modules] Fetching discord_zstd@1 from https://discord.com/api/modules/stable/discord_zstd/1
1/16/2026, 4:05:39 PM GMT-5 [Modules] Streaming discord_zstd@1 to /home/dieguito/.config/discord/0.0.120/modules/pending/discord_zstd-1.zip
1/16/2026, 4:05:39 PM GMT-5 [Modules] Streaming discord_zstd@1 to /home/dieguito/.config/discord/0.0.120/modules/pending/discord_zstd-1.zip: 3%
1/16/2026, 4:05:39 PM GMT-5 [Modules] Streaming discord_zstd@1 to /home/dieguito/.config/discord/0.0.120/modules/pending/discord_zstd-1.zip: 4%
1/16/2026, 4:05:39 PM GMT-5 [Modules] Streaming discord_zstd@1 to /home/dieguito/.config/discord/0.0.120/modules/pending/discord_zstd-1.zip: 5%
1/16/2026, 4:05:39 PM GMT-5 [Modules] Streaming discord_zstd@1 to /home/dieguito/.config/discord/0.0.120/modules/pending/discord_zstd-1.zip: 6%
1/16/2026, 4:05:39 PM GMT-5 [Modules] Streaming discord_zstd@1 to /home/dieguito/.config/discord/0.0.120/modules/pending/discord_zstd-1.zip: 7%
1/16/2026, 4:05:39 PM GMT-5 [Modules] Streaming discord_zstd@1 to /home/dieguito/.config/discord/0.0.120/modules/pending/discord_zstd-1.zip: 8%
1/16/2026, 4:05:39 PM GMT-5 [Modules] Streaming discord_zstd@1 to /home/dieguito/.config/discord/0.0.120/modules/pending/discord_zstd-1.zip: 9%
1/16/2026, 4:05:39 PM GMT-5 [Modules] Streaming discord_zstd@1 to /home/dieguito/.config/discord/0.0.120/modules/pending/discord_zstd-1.zip: 10%
1/16/2026, 4:05:39 PM GMT-5 [Modules] Streaming discord_zstd@1 to /home/dieguito/.config/discord/0.0.120/modules/pending/discord_zstd-1.zip: 11%
1/16/2026, 4:05:39 PM GMT-5 [Modules] Streaming discord_zstd@1 to /home/dieguito/.config/discord/0.0.120/modules/pending/discord_zstd-1.zip: 12%
1/16/2026, 4:05:39 PM GMT-5 [Modules] Streaming discord_zstd@1 to /home/dieguito/.config/discord/0.0.120/modules/pending/discord_zstd-1.zip: 13%
1/16/2026, 4:05:39 PM GMT-5 [Modules] Streaming discord_zstd@1 to /home/dieguito/.config/discord/0.0.120/modules/pending/discord_zstd-1.zip: 14%
1/16/2026, 4:05:39 PM GMT-5 [Modules] Streaming discord_zstd@1 to /home/dieguito/.config/discord/0.0.120/modules/pending/discord_zstd-1.zip: 15%
1/16/2026, 4:05:39 PM GMT-5 [Modules] Streaming discord_zstd@1 to /home/dieguito/.config/discord/0.0.120/modules/pending/discord_zstd-1.zip: 16%
1/16/2026, 4:05:39 PM GMT-5 [Modules] Streaming discord_zstd@1 to /home/dieguito/.config/discord/0.0.120/modules/pending/discord_zstd-1.zip: 17%
1/16/2026, 4:05:39 PM GMT-5 [Modules] Streaming discord_zstd@1 to /home/dieguito/.config/discord/0.0.120/modules/pending/discord_zstd-1.zip: 18%
1/16/2026, 4:05:39 PM GMT-5 [Modules] Streaming discord_zstd@1 to /home/dieguito/.config/discord/0.0.120/modules/pending/discord_zstd-1.zip: 19%
1/16/2026, 4:05:39 PM GMT-5 [Modules] Streaming discord_zstd@1 to /home/dieguito/.config/discord/0.0.120/modules/pending/discord_zstd-1.zip: 20%
1/16/2026, 4:05:39 PM GMT-5 [Modules] Streaming discord_zstd@1 to /home/dieguito/.config/discord/0.0.120/modules/pending/discord_zstd-1.zip: 21%
1/16/2026, 4:05:39 PM GMT-5 [Modules] Streaming discord_zstd@1 to /home/dieguito/.config/discord/0.0.120/modules/pending/discord_zstd-1.zip: 22%
1/16/2026, 4:05:39 PM GMT-5 [Modules] Streaming discord_zstd@1 to /home/dieguito/.config/discord/0.0.120/modules/pending/discord_zstd-1.zip: 23%
1/16/2026, 4:05:39 PM GMT-5 [Modules] Streaming discord_zstd@1 to /home/dieguito/.config/discord/0.0.120/modules/pending/discord_zstd-1.zip: 24%
1/16/2026, 4:05:39 PM GMT-5 [Modules] Streaming discord_zstd@1 to /home/dieguito/.config/discord/0.0.120/modules/pending/discord_zstd-1.zip: 25%
1/16/2026, 4:05:39 PM GMT-5 [Modules] Streaming discord_zstd@1 to /home/dieguito/.config/discord/0.0.120/modules/pending/discord_zstd-1.zip: 26%
1/16/2026, 4:05:39 PM GMT-5 [Modules] Streaming discord_zstd@1 to /home/dieguito/.config/discord/0.0.120/modules/pending/discord_zstd-1.zip: 27%
1/16/2026, 4:05:39 PM GMT-5 [Modules] Streaming discord_zstd@1 to /home/dieguito/.config/discord/0.0.120/modules/pending/discord_zstd-1.zip: 28%
1/16/2026, 4:05:39 PM GMT-5 [Modules] Streaming discord_zstd@1 to /home/dieguito/.config/discord/0.0.120/modules/pending/discord_zstd-1.zip: 29%
1/16/2026, 4:05:39 PM GMT-5 [Modules] Streaming discord_zstd@1 to /home/dieguito/.config/discord/0.0.120/modules/pending/discord_zstd-1.zip: 30%
1/16/2026, 4:05:39 PM GMT-5 [Modules] Streaming discord_zstd@1 to /home/dieguito/.config/discord/0.0.120/modules/pending/discord_zstd-1.zip: 31%
1/16/2026, 4:05:39 PM GMT-5 [Modules] Streaming discord_zstd@1 to /home/dieguito/.config/discord/0.0.120/modules/pending/discord_zstd-1.zip: 32%
1/16/2026, 4:05:39 PM GMT-5 [Modules] Streaming discord_zstd@1 to /home/dieguito/.config/discord/0.0.120/modules/pending/discord_zstd-1.zip: 33%
1/16/2026, 4:05:39 PM GMT-5 [Modules] Streaming discord_zstd@1 to /home/dieguito/.config/discord/0.0.120/modules/pending/discord_zstd-1.zip: 34%
1/16/2026, 4:05:39 PM GMT-5 [Modules] Streaming discord_zstd@1 to /home/dieguito/.config/discord/0.0.120/modules/pending/discord_zstd-1.zip: 35%
1/16/2026, 4:05:39 PM GMT-5 [Modules] Streaming discord_zstd@1 to /home/dieguito/.config/discord/0.0.120/modules/pending/discord_zstd-1.zip: 36%
1/16/2026, 4:05:39 PM GMT-5 [Modules] Streaming discord_zstd@1 to /home/dieguito/.config/discord/0.0.120/modules/pending/discord_zstd-1.zip: 37%
1/16/2026, 4:05:39 PM GMT-5 [Modules] Streaming discord_zstd@1 to /home/dieguito/.config/discord/0.0.120/modules/pending/discord_zstd-1.zip: 38%
1/16/2026, 4:05:39 PM GMT-5 [Modules] Streaming discord_zstd@1 to /home/dieguito/.config/discord/0.0.120/modules/pending/discord_zstd-1.zip: 39%
1/16/2026, 4:05:39 PM GMT-5 [Modules] Streaming discord_zstd@1 to /home/dieguito/.config/discord/0.0.120/modules/pending/discord_zstd-1.zip: 40%
1/16/2026, 4:05:39 PM GMT-5 [Modules] Streaming discord_zstd@1 to /home/dieguito/.config/discord/0.0.120/modules/pending/discord_zstd-1.zip: 41%
1/16/2026, 4:05:39 PM GMT-5 [Modules] Streaming discord_zstd@1 to /home/dieguito/.config/discord/0.0.120/modules/pending/discord_zstd-1.zip: 42%
1/16/2026, 4:05:39 PM GMT-5 [Modules] Streaming discord_zstd@1 to /home/dieguito/.config/discord/0.0.120/modules/pending/discord_zstd-1.zip: 43%
1/16/2026, 4:05:39 PM GMT-5 [Modules] Streaming discord_zstd@1 to /home/dieguito/.config/discord/0.0.120/modules/pending/discord_zstd-1.zip: 44%
1/16/2026, 4:05:39 PM GMT-5 [Modules] Streaming discord_zstd@1 to /home/dieguito/.config/discord/0.0.120/modules/pending/discord_zstd-1.zip: 45%
1/16/2026, 4:05:39 PM GMT-5 [Modules] Streaming discord_zstd@1 to /home/dieguito/.config/discord/0.0.120/modules/pending/discord_zstd-1.zip: 46%
1/16/2026, 4:05:39 PM GMT-5 [Modules] Streaming discord_zstd@1 to /home/dieguito/.config/discord/0.0.120/modules/pending/discord_zstd-1.zip: 47%
1/16/2026, 4:05:39 PM GMT-5 [Modules] Streaming discord_zstd@1 to /home/dieguito/.config/discord/0.0.120/modules/pending/discord_zstd-1.zip: 48%
1/16/2026, 4:05:39 PM GMT-5 [Modules] Streaming discord_zstd@1 to /home/dieguito/.config/discord/0.0.120/modules/pending/discord_zstd-1.zip: 49%
1/16/2026, 4:05:39 PM GMT-5 [Modules] Streaming discord_zstd@1 to /home/dieguito/.config/discord/0.0.120/modules/pending/discord_zstd-1.zip: 50%
1/16/2026, 4:05:39 PM GMT-5 [Modules] Streaming discord_zstd@1 to /home/dieguito/.config/discord/0.0.120/modules/pending/discord_zstd-1.zip: 51%
1/16/2026, 4:05:39 PM GMT-5 [Modules] Streaming discord_zstd@1 to /home/dieguito/.config/discord/0.0.120/modules/pending/discord_zstd-1.zip: 52%
1/16/2026, 4:05:39 PM GMT-5 [Modules] Streaming discord_zstd@1 to /home/dieguito/.config/discord/0.0.120/modules/pending/discord_zstd-1.zip: 53%
1/16/2026, 4:05:39 PM GMT-5 [Modules] Streaming discord_zstd@1 to /home/dieguito/.config/discord/0.0.120/modules/pending/discord_zstd-1.zip: 54%
1/16/2026, 4:05:39 PM GMT-5 [Modules] Streaming discord_zstd@1 to /home/dieguito/.config/discord/0.0.120/modules/pending/discord_zstd-1.zip: 55%
1/16/2026, 4:05:39 PM GMT-5 [Modules] Streaming discord_zstd@1 to /home/dieguito/.config/discord/0.0.120/modules/pending/discord_zstd-1.zip: 56%
1/16/2026, 4:05:39 PM GMT-5 [Modules] Streaming discord_zstd@1 to /home/dieguito/.config/discord/0.0.120/modules/pending/discord_zstd-1.zip: 57%
1/16/2026, 4:05:39 PM GMT-5 [Modules] Streaming discord_zstd@1 to /home/dieguito/.config/discord/0.0.120/modules/pending/discord_zstd-1.zip: 58%
1/16/2026, 4:05:39 PM GMT-5 [Modules] Streaming discord_zstd@1 to /home/dieguito/.config/discord/0.0.120/modules/pending/discord_zstd-1.zip: 59%
1/16/2026, 4:05:39 PM GMT-5 [Modules] Streaming discord_zstd@1 to /home/dieguito/.config/discord/0.0.120/modules/pending/discord_zstd-1.zip: 60%
1/16/2026, 4:05:39 PM GMT-5 [Modules] Streaming discord_zstd@1 to /home/dieguito/.config/discord/0.0.120/modules/pending/discord_zstd-1.zip: 61%
1/16/2026, 4:05:39 PM GMT-5 [Modules] Streaming discord_zstd@1 to /home/dieguito/.config/discord/0.0.120/modules/pending/discord_zstd-1.zip: 62%
1/16/2026, 4:05:39 PM GMT-5 [Modules] Streaming discord_zstd@1 to /home/dieguito/.config/discord/0.0.120/modules/pending/discord_zstd-1.zip: 65%
1/16/2026, 4:05:39 PM GMT-5 [Modules] Streaming discord_zstd@1 to /home/dieguito/.config/discord/0.0.120/modules/pending/discord_zstd-1.zip: 68%
1/16/2026, 4:05:39 PM GMT-5 [Modules] Streaming discord_zstd@1 to /home/dieguito/.config/discord/0.0.120/modules/pending/discord_zstd-1.zip: 69%
1/16/2026, 4:05:39 PM GMT-5 [Modules] Streaming discord_zstd@1 to /home/dieguito/.config/discord/0.0.120/modules/pending/discord_zstd-1.zip: 70%
1/16/2026, 4:05:39 PM GMT-5 [Modules] Streaming discord_zstd@1 to /home/dieguito/.config/discord/0.0.120/modules/pending/discord_zstd-1.zip: 71%
1/16/2026, 4:05:39 PM GMT-5 [Modules] Streaming discord_zstd@1 to /home/dieguito/.config/discord/0.0.120/modules/pending/discord_zstd-1.zip: 72%
1/16/2026, 4:05:39 PM GMT-5 [Modules] Streaming discord_zstd@1 to /home/dieguito/.config/discord/0.0.120/modules/pending/discord_zstd-1.zip: 73%
1/16/2026, 4:05:39 PM GMT-5 [Modules] Streaming discord_zstd@1 to /home/dieguito/.config/discord/0.0.120/modules/pending/discord_zstd-1.zip: 74%
1/16/2026, 4:05:39 PM GMT-5 [Modules] Streaming discord_zstd@1 to /home/dieguito/.config/discord/0.0.120/modules/pending/discord_zstd-1.zip: 75%
1/16/2026, 4:05:39 PM GMT-5 [Modules] Streaming discord_zstd@1 to /home/dieguito/.config/discord/0.0.120/modules/pending/discord_zstd-1.zip: 76%
1/16/2026, 4:05:39 PM GMT-5 [Modules] Streaming discord_zstd@1 to /home/dieguito/.config/discord/0.0.120/modules/pending/discord_zstd-1.zip: 77%
1/16/2026, 4:05:39 PM GMT-5 [Modules] Streaming discord_zstd@1 to /home/dieguito/.config/discord/0.0.120/modules/pending/discord_zstd-1.zip: 78%
1/16/2026, 4:05:39 PM GMT-5 [Modules] Streaming discord_zstd@1 to /home/dieguito/.config/discord/0.0.120/modules/pending/discord_zstd-1.zip: 79%
1/16/2026, 4:05:39 PM GMT-5 [Modules] Streaming discord_zstd@1 to /home/dieguito/.config/discord/0.0.120/modules/pending/discord_zstd-1.zip: 80%
1/16/2026, 4:05:39 PM GMT-5 [Modules] Streaming discord_zstd@1 to /home/dieguito/.config/discord/0.0.120/modules/pending/discord_zstd-1.zip: 81%
1/16/2026, 4:05:39 PM GMT-5 [Modules] Streaming discord_zstd@1 to /home/dieguito/.config/discord/0.0.120/modules/pending/discord_zstd-1.zip: 82%
1/16/2026, 4:05:39 PM GMT-5 [Modules] Streaming discord_zstd@1 to /home/dieguito/.config/discord/0.0.120/modules/pending/discord_zstd-1.zip: 83%
1/16/2026, 4:05:39 PM GMT-5 [Modules] Streaming discord_zstd@1 to /home/dieguito/.config/discord/0.0.120/modules/pending/discord_zstd-1.zip: 84%
1/16/2026, 4:05:39 PM GMT-5 [Modules] Streaming discord_zstd@1 to /home/dieguito/.config/discord/0.0.120/modules/pending/discord_zstd-1.zip: 85%
1/16/2026, 4:05:39 PM GMT-5 [Modules] Streaming discord_zstd@1 to /home/dieguito/.config/discord/0.0.120/modules/pending/discord_zstd-1.zip: 86%
1/16/2026, 4:05:39 PM GMT-5 [Modules] Streaming discord_zstd@1 to /home/dieguito/.config/discord/0.0.120/modules/pending/discord_zstd-1.zip: 87%
1/16/2026, 4:05:39 PM GMT-5 [Modules] Streaming discord_zstd@1 to /home/dieguito/.config/discord/0.0.120/modules/pending/discord_zstd-1.zip: 88%
1/16/2026, 4:05:39 PM GMT-5 [Modules] Streaming discord_zstd@1 to /home/dieguito/.config/discord/0.0.120/modules/pending/discord_zstd-1.zip: 89%
1/16/2026, 4:05:39 PM GMT-5 [Modules] Streaming discord_zstd@1 to /home/dieguito/.config/discord/0.0.120/modules/pending/discord_zstd-1.zip: 90%
1/16/2026, 4:05:39 PM GMT-5 [Modules] Streaming discord_zstd@1 to /home/dieguito/.config/discord/0.0.120/modules/pending/discord_zstd-1.zip: 91%
1/16/2026, 4:05:39 PM GMT-5 [Modules] Streaming discord_zstd@1 to /home/dieguito/.config/discord/0.0.120/modules/pending/discord_zstd-1.zip: 92%
1/16/2026, 4:05:39 PM GMT-5 [Modules] Streaming discord_zstd@1 to /home/dieguito/.config/discord/0.0.120/modules/pending/discord_zstd-1.zip: 93%
1/16/2026, 4:05:39 PM GMT-5 [Modules] Streaming discord_zstd@1 to /home/dieguito/.config/discord/0.0.120/modules/pending/discord_zstd-1.zip: 94%
1/16/2026, 4:05:39 PM GMT-5 [Modules] Streaming discord_zstd@1 to /home/dieguito/.config/discord/0.0.120/modules/pending/discord_zstd-1.zip: 95%
1/16/2026, 4:05:39 PM GMT-5 [Modules] Streaming discord_zstd@1 to /home/dieguito/.config/discord/0.0.120/modules/pending/discord_zstd-1.zip: 96%
1/16/2026, 4:05:39 PM GMT-5 [Modules] Streaming discord_zstd@1 to /home/dieguito/.config/discord/0.0.120/modules/pending/discord_zstd-1.zip: 97%
1/16/2026, 4:05:39 PM GMT-5 [Modules] Streaming discord_zstd@1 to /home/dieguito/.config/discord/0.0.120/modules/pending/discord_zstd-1.zip: 98%
1/16/2026, 4:05:39 PM GMT-5 [Modules] Streaming discord_zstd@1 to /home/dieguito/.config/discord/0.0.120/modules/pending/discord_zstd-1.zip: 99%
1/16/2026, 4:05:39 PM GMT-5 [Modules] Streaming discord_zstd@1 to /home/dieguito/.config/discord/0.0.120/modules/pending/discord_zstd-1.zip: 100%
1/16/2026, 4:05:39 PM GMT-5 [Modules] Finished module downloads. [success: 6] [failure: 0]
1/16/2026, 4:05:39 PM GMT-5 [Modules] Installing updates...
1/16/2026, 4:05:39 PM GMT-5 [Modules] Installing discord_desktop_core@2 from /home/dieguito/.config/discord/0.0.120/modules/pending/discord_desktop_core-2.zip
1/16/2026, 4:05:39 PM GMT-5 [Modules] Installing discord_erlpack@1 from /home/dieguito/.config/discord/0.0.120/modules/pending/discord_erlpack-1.zip
1/16/2026, 4:05:39 PM GMT-5 [Modules] Installing discord_spellcheck@1 from /home/dieguito/.config/discord/0.0.120/modules/pending/discord_spellcheck-1.zip
1/16/2026, 4:05:39 PM GMT-5 [Modules] Installing discord_utils@1 from /home/dieguito/.config/discord/0.0.120/modules/pending/discord_utils-1.zip
1/16/2026, 4:05:39 PM GMT-5 [Modules] Installing discord_voice@1 from /home/dieguito/.config/discord/0.0.120/modules/pending/discord_voice-1.zip
1/16/2026, 4:05:39 PM GMT-5 [Modules] Installing discord_zstd@1 from /home/dieguito/.config/discord/0.0.120/modules/pending/discord_zstd-1.zip
1/16/2026, 4:05:39 PM GMT-5 [Modules] Finished module installations. [success: 6] [failure: 0]
1/16/2026, 4:05:39 PM GMT-5 [Modules] Checking for host updates.
1/16/2026, 4:05:40 PM GMT-5 [Modules] Host is up to date.
1/16/2026, 4:05:40 PM GMT-5 [Modules] Checking for module updates at https://discord.com/api/modules/stable/versions.json
1/16/2026, 4:05:40 PM GMT-5 [Modules] No module updates available.
1/16/2026, 4:05:43 PM GMT-5 [Modules] Starting to install discord_krisp...
1/16/2026, 4:05:43 PM GMT-5 [Modules] Fetching discord_krisp@1 from https://discord.com/api/modules/stable/discord_krisp/1
1/16/2026, 4:05:43 PM GMT-5 [Modules] Streaming discord_krisp@1 to /home/dieguito/.config/discord/0.0.120/modules/pending/discord_krisp-1.zip
1/16/2026, 4:05:43 PM GMT-5 [Modules] Starting to install discord_game_utils...
1/16/2026, 4:05:43 PM GMT-5 [Modules] Starting to install discord_rpc...
1/16/2026, 4:05:43 PM GMT-5 [Modules] Streaming discord_krisp@1 to /home/dieguito/.config/discord/0.0.120/modules/pending/discord_krisp-1.zip: 1%
1/16/2026, 4:05:43 PM GMT-5 [Modules] Streaming discord_krisp@1 to /home/dieguito/.config/discord/0.0.120/modules/pending/discord_krisp-1.zip: 2%
1/16/2026, 4:05:43 PM GMT-5 [Modules] Streaming discord_krisp@1 to /home/dieguito/.config/discord/0.0.120/modules/pending/discord_krisp-1.zip: 3%
1/16/2026, 4:05:43 PM GMT-5 [Modules] Streaming discord_krisp@1 to /home/dieguito/.config/discord/0.0.120/modules/pending/discord_krisp-1.zip: 4%
1/16/2026, 4:05:43 PM GMT-5 [Modules] Streaming discord_krisp@1 to /home/dieguito/.config/discord/0.0.120/modules/pending/discord_krisp-1.zip: 5%
1/16/2026, 4:05:43 PM GMT-5 [Modules] Streaming discord_krisp@1 to /home/dieguito/.config/discord/0.0.120/modules/pending/discord_krisp-1.zip: 6%
1/16/2026, 4:05:43 PM GMT-5 [Modules] Streaming discord_krisp@1 to /home/dieguito/.config/discord/0.0.120/modules/pending/discord_krisp-1.zip: 7%
1/16/2026, 4:05:43 PM GMT-5 [Modules] Streaming discord_krisp@1 to /home/dieguito/.config/discord/0.0.120/modules/pending/discord_krisp-1.zip: 8%
1/16/2026, 4:05:43 PM GMT-5 [Modules] Streaming discord_krisp@1 to /home/dieguito/.config/discord/0.0.120/modules/pending/discord_krisp-1.zip: 9%
1/16/2026, 4:05:44 PM GMT-5 [Modules] Streaming discord_krisp@1 to /home/dieguito/.config/discord/0.0.120/modules/pending/discord_krisp-1.zip: 10%
1/16/2026, 4:05:44 PM GMT-5 [Modules] Streaming discord_krisp@1 to /home/dieguito/.config/discord/0.0.120/modules/pending/discord_krisp-1.zip: 11%
1/16/2026, 4:05:44 PM GMT-5 [Modules] Streaming discord_krisp@1 to /home/dieguito/.config/discord/0.0.120/modules/pending/discord_krisp-1.zip: 12%
1/16/2026, 4:05:44 PM GMT-5 [Modules] Streaming discord_krisp@1 to /home/dieguito/.config/discord/0.0.120/modules/pending/discord_krisp-1.zip: 13%
1/16/2026, 4:05:44 PM GMT-5 [Modules] Streaming discord_krisp@1 to /home/dieguito/.config/discord/0.0.120/modules/pending/discord_krisp-1.zip: 14%
1/16/2026, 4:05:44 PM GMT-5 [Modules] Streaming discord_krisp@1 to /home/dieguito/.config/discord/0.0.120/modules/pending/discord_krisp-1.zip: 15%
1/16/2026, 4:05:44 PM GMT-5 [Modules] Streaming discord_krisp@1 to /home/dieguito/.config/discord/0.0.120/modules/pending/discord_krisp-1.zip: 16%
1/16/2026, 4:05:44 PM GMT-5 [Modules] Streaming discord_krisp@1 to /home/dieguito/.config/discord/0.0.120/modules/pending/discord_krisp-1.zip: 17%
1/16/2026, 4:05:44 PM GMT-5 [Modules] Streaming discord_krisp@1 to /home/dieguito/.config/discord/0.0.120/modules/pending/discord_krisp-1.zip: 18%
1/16/2026, 4:05:44 PM GMT-5 [Modules] Streaming discord_krisp@1 to /home/dieguito/.config/discord/0.0.120/modules/pending/discord_krisp-1.zip: 19%
1/16/2026, 4:05:44 PM GMT-5 [Modules] Streaming discord_krisp@1 to /home/dieguito/.config/discord/0.0.120/modules/pending/discord_krisp-1.zip: 20%
1/16/2026, 4:05:44 PM GMT-5 [Modules] Streaming discord_krisp@1 to /home/dieguito/.config/discord/0.0.120/modules/pending/discord_krisp-1.zip: 21%
1/16/2026, 4:05:44 PM GMT-5 [Modules] Streaming discord_krisp@1 to /home/dieguito/.config/discord/0.0.120/modules/pending/discord_krisp-1.zip: 22%
1/16/2026, 4:05:44 PM GMT-5 [Modules] Streaming discord_krisp@1 to /home/dieguito/.config/discord/0.0.120/modules/pending/discord_krisp-1.zip: 23%
1/16/2026, 4:05:45 PM GMT-5 [Modules] Streaming discord_krisp@1 to /home/dieguito/.config/discord/0.0.120/modules/pending/discord_krisp-1.zip: 24%
1/16/2026, 4:05:45 PM GMT-5 [Modules] Streaming discord_krisp@1 to /home/dieguito/.config/discord/0.0.120/modules/pending/discord_krisp-1.zip: 25%
1/16/2026, 4:05:45 PM GMT-5 [Modules] Streaming discord_krisp@1 to /home/dieguito/.config/discord/0.0.120/modules/pending/discord_krisp-1.zip: 26%
1/16/2026, 4:05:45 PM GMT-5 [Modules] Streaming discord_krisp@1 to /home/dieguito/.config/discord/0.0.120/modules/pending/discord_krisp-1.zip: 27%
1/16/2026, 4:05:45 PM GMT-5 [Modules] Streaming discord_krisp@1 to /home/dieguito/.config/discord/0.0.120/modules/pending/discord_krisp-1.zip: 28%
1/16/2026, 4:05:45 PM GMT-5 [Modules] Streaming discord_krisp@1 to /home/dieguito/.config/discord/0.0.120/modules/pending/discord_krisp-1.zip: 29%
1/16/2026, 4:05:45 PM GMT-5 [Modules] Streaming discord_krisp@1 to /home/dieguito/.config/discord/0.0.120/modules/pending/discord_krisp-1.zip: 30%
1/16/2026, 4:05:45 PM GMT-5 [Modules] Streaming discord_krisp@1 to /home/dieguito/.config/discord/0.0.120/modules/pending/discord_krisp-1.zip: 31%
1/16/2026, 4:05:45 PM GMT-5 [Modules] Streaming discord_krisp@1 to /home/dieguito/.config/discord/0.0.120/modules/pending/discord_krisp-1.zip: 32%
1/16/2026, 4:05:45 PM GMT-5 [Modules] Streaming discord_krisp@1 to /home/dieguito/.config/discord/0.0.120/modules/pending/discord_krisp-1.zip: 33%
1/16/2026, 4:05:45 PM GMT-5 [Modules] Streaming discord_krisp@1 to /home/dieguito/.config/discord/0.0.120/modules/pending/discord_krisp-1.zip: 34%
1/16/2026, 4:05:45 PM GMT-5 [Modules] Streaming discord_krisp@1 to /home/dieguito/.config/discord/0.0.120/modules/pending/discord_krisp-1.zip: 35%
1/16/2026, 4:05:45 PM GMT-5 [Modules] Streaming discord_krisp@1 to /home/dieguito/.config/discord/0.0.120/modules/pending/discord_krisp-1.zip: 36%
1/16/2026, 4:05:45 PM GMT-5 [Modules] Streaming discord_krisp@1 to /home/dieguito/.config/discord/0.0.120/modules/pending/discord_krisp-1.zip: 37%
1/16/2026, 4:05:46 PM GMT-5 [Modules] Streaming discord_krisp@1 to /home/dieguito/.config/discord/0.0.120/modules/pending/discord_krisp-1.zip: 38%
1/16/2026, 4:05:46 PM GMT-5 [Modules] Streaming discord_krisp@1 to /home/dieguito/.config/discord/0.0.120/modules/pending/discord_krisp-1.zip: 39%
1/16/2026, 4:05:46 PM GMT-5 [Modules] Streaming discord_krisp@1 to /home/dieguito/.config/discord/0.0.120/modules/pending/discord_krisp-1.zip: 40%
1/16/2026, 4:05:46 PM GMT-5 [Modules] Streaming discord_krisp@1 to /home/dieguito/.config/discord/0.0.120/modules/pending/discord_krisp-1.zip: 41%
1/16/2026, 4:05:46 PM GMT-5 [Modules] Streaming discord_krisp@1 to /home/dieguito/.config/discord/0.0.120/modules/pending/discord_krisp-1.zip: 42%
1/16/2026, 4:05:46 PM GMT-5 [Modules] Streaming discord_krisp@1 to /home/dieguito/.config/discord/0.0.120/modules/pending/discord_krisp-1.zip: 43%
1/16/2026, 4:05:46 PM GMT-5 [Modules] Streaming discord_krisp@1 to /home/dieguito/.config/discord/0.0.120/modules/pending/discord_krisp-1.zip: 44%
1/16/2026, 4:05:46 PM GMT-5 [Modules] Streaming discord_krisp@1 to /home/dieguito/.config/discord/0.0.120/modules/pending/discord_krisp-1.zip: 45%
1/16/2026, 4:05:46 PM GMT-5 [Modules] Streaming discord_krisp@1 to /home/dieguito/.config/discord/0.0.120/modules/pending/discord_krisp-1.zip: 46%
1/16/2026, 4:05:46 PM GMT-5 [Modules] Streaming discord_krisp@1 to /home/dieguito/.config/discord/0.0.120/modules/pending/discord_krisp-1.zip: 47%
1/16/2026, 4:05:46 PM GMT-5 [Modules] Streaming discord_krisp@1 to /home/dieguito/.config/discord/0.0.120/modules/pending/discord_krisp-1.zip: 48%
1/16/2026, 4:05:46 PM GMT-5 [Modules] Streaming discord_krisp@1 to /home/dieguito/.config/discord/0.0.120/modules/pending/discord_krisp-1.zip: 49%
1/16/2026, 4:05:46 PM GMT-5 [Modules] Streaming discord_krisp@1 to /home/dieguito/.config/discord/0.0.120/modules/pending/discord_krisp-1.zip: 50%
1/16/2026, 4:05:46 PM GMT-5 [Modules] Streaming discord_krisp@1 to /home/dieguito/.config/discord/0.0.120/modules/pending/discord_krisp-1.zip: 51%
1/16/2026, 4:05:46 PM GMT-5 [Modules] Streaming discord_krisp@1 to /home/dieguito/.config/discord/0.0.120/modules/pending/discord_krisp-1.zip: 52%
1/16/2026, 4:05:46 PM GMT-5 [Modules] Streaming discord_krisp@1 to /home/dieguito/.config/discord/0.0.120/modules/pending/discord_krisp-1.zip: 53%
1/16/2026, 4:05:46 PM GMT-5 [Modules] Streaming discord_krisp@1 to /home/dieguito/.config/discord/0.0.120/modules/pending/discord_krisp-1.zip: 54%
1/16/2026, 4:05:46 PM GMT-5 [Modules] Streaming discord_krisp@1 to /home/dieguito/.config/discord/0.0.120/modules/pending/discord_krisp-1.zip: 55%
1/16/2026, 4:05:47 PM GMT-5 [Modules] Streaming discord_krisp@1 to /home/dieguito/.config/discord/0.0.120/modules/pending/discord_krisp-1.zip: 56%
1/16/2026, 4:05:47 PM GMT-5 [Modules] Streaming discord_krisp@1 to /home/dieguito/.config/discord/0.0.120/modules/pending/discord_krisp-1.zip: 57%
1/16/2026, 4:05:47 PM GMT-5 [Modules] Streaming discord_krisp@1 to /home/dieguito/.config/discord/0.0.120/modules/pending/discord_krisp-1.zip: 58%
1/16/2026, 4:05:47 PM GMT-5 [Modules] Streaming discord_krisp@1 to /home/dieguito/.config/discord/0.0.120/modules/pending/discord_krisp-1.zip: 59%
1/16/2026, 4:05:47 PM GMT-5 [Modules] Streaming discord_krisp@1 to /home/dieguito/.config/discord/0.0.120/modules/pending/discord_krisp-1.zip: 60%
1/16/2026, 4:05:47 PM GMT-5 [Modules] Streaming discord_krisp@1 to /home/dieguito/.config/discord/0.0.120/modules/pending/discord_krisp-1.zip: 61%
1/16/2026, 4:05:47 PM GMT-5 [Modules] Streaming discord_krisp@1 to /home/dieguito/.config/discord/0.0.120/modules/pending/discord_krisp-1.zip: 62%
1/16/2026, 4:05:47 PM GMT-5 [Modules] Streaming discord_krisp@1 to /home/dieguito/.config/discord/0.0.120/modules/pending/discord_krisp-1.zip: 63%
1/16/2026, 4:05:47 PM GMT-5 [Modules] Streaming discord_krisp@1 to /home/dieguito/.config/discord/0.0.120/modules/pending/discord_krisp-1.zip: 64%
1/16/2026, 4:05:47 PM GMT-5 [Modules] Streaming discord_krisp@1 to /home/dieguito/.config/discord/0.0.120/modules/pending/discord_krisp-1.zip: 65%
1/16/2026, 4:05:47 PM GMT-5 [Modules] Streaming discord_krisp@1 to /home/dieguito/.config/discord/0.0.120/modules/pending/discord_krisp-1.zip: 66%
1/16/2026, 4:05:47 PM GMT-5 [Modules] Streaming discord_krisp@1 to /home/dieguito/.config/discord/0.0.120/modules/pending/discord_krisp-1.zip: 67%
1/16/2026, 4:05:47 PM GMT-5 [Modules] Streaming discord_krisp@1 to /home/dieguito/.config/discord/0.0.120/modules/pending/discord_krisp-1.zip: 68%
1/16/2026, 4:05:47 PM GMT-5 [Modules] Streaming discord_krisp@1 to /home/dieguito/.config/discord/0.0.120/modules/pending/discord_krisp-1.zip: 69%
1/16/2026, 4:05:47 PM GMT-5 [Modules] Streaming discord_krisp@1 to /home/dieguito/.config/discord/0.0.120/modules/pending/discord_krisp-1.zip: 70%
1/16/2026, 4:05:47 PM GMT-5 [Modules] Streaming discord_krisp@1 to /home/dieguito/.config/discord/0.0.120/modules/pending/discord_krisp-1.zip: 71%
1/16/2026, 4:05:47 PM GMT-5 [Modules] Streaming discord_krisp@1 to /home/dieguito/.config/discord/0.0.120/modules/pending/discord_krisp-1.zip: 72%
1/16/2026, 4:05:47 PM GMT-5 [Modules] Streaming discord_krisp@1 to /home/dieguito/.config/discord/0.0.120/modules/pending/discord_krisp-1.zip: 73%
1/16/2026, 4:05:47 PM GMT-5 [Modules] Streaming discord_krisp@1 to /home/dieguito/.config/discord/0.0.120/modules/pending/discord_krisp-1.zip: 74%
1/16/2026, 4:05:47 PM GMT-5 [Modules] Streaming discord_krisp@1 to /home/dieguito/.config/discord/0.0.120/modules/pending/discord_krisp-1.zip: 75%
1/16/2026, 4:05:47 PM GMT-5 [Modules] Streaming discord_krisp@1 to /home/dieguito/.config/discord/0.0.120/modules/pending/discord_krisp-1.zip: 76%
1/16/2026, 4:05:47 PM GMT-5 [Modules] Streaming discord_krisp@1 to /home/dieguito/.config/discord/0.0.120/modules/pending/discord_krisp-1.zip: 77%
1/16/2026, 4:05:47 PM GMT-5 [Modules] Streaming discord_krisp@1 to /home/dieguito/.config/discord/0.0.120/modules/pending/discord_krisp-1.zip: 78%
1/16/2026, 4:05:48 PM GMT-5 [Modules] Streaming discord_krisp@1 to /home/dieguito/.config/discord/0.0.120/modules/pending/discord_krisp-1.zip: 79%
1/16/2026, 4:05:48 PM GMT-5 [Modules] Streaming discord_krisp@1 to /home/dieguito/.config/discord/0.0.120/modules/pending/discord_krisp-1.zip: 80%
1/16/2026, 4:05:48 PM GMT-5 [Modules] Streaming discord_krisp@1 to /home/dieguito/.config/discord/0.0.120/modules/pending/discord_krisp-1.zip: 81%
1/16/2026, 4:05:48 PM GMT-5 [Modules] Streaming discord_krisp@1 to /home/dieguito/.config/discord/0.0.120/modules/pending/discord_krisp-1.zip: 82%
1/16/2026, 4:05:48 PM GMT-5 [Modules] Streaming discord_krisp@1 to /home/dieguito/.config/discord/0.0.120/modules/pending/discord_krisp-1.zip: 83%
1/16/2026, 4:05:48 PM GMT-5 [Modules] Streaming discord_krisp@1 to /home/dieguito/.config/discord/0.0.120/modules/pending/discord_krisp-1.zip: 84%
1/16/2026, 4:05:48 PM GMT-5 [Modules] Streaming discord_krisp@1 to /home/dieguito/.config/discord/0.0.120/modules/pending/discord_krisp-1.zip: 85%
1/16/2026, 4:05:48 PM GMT-5 [Modules] Streaming discord_krisp@1 to /home/dieguito/.config/discord/0.0.120/modules/pending/discord_krisp-1.zip: 86%
1/16/2026, 4:05:48 PM GMT-5 [Modules] Streaming discord_krisp@1 to /home/dieguito/.config/discord/0.0.120/modules/pending/discord_krisp-1.zip: 87%
1/16/2026, 4:05:48 PM GMT-5 [Modules] Streaming discord_krisp@1 to /home/dieguito/.config/discord/0.0.120/modules/pending/discord_krisp-1.zip: 88%
1/16/2026, 4:05:48 PM GMT-5 [Modules] Streaming discord_krisp@1 to /home/dieguito/.config/discord/0.0.120/modules/pending/discord_krisp-1.zip: 89%
1/16/2026, 4:05:48 PM GMT-5 [Modules] Streaming discord_krisp@1 to /home/dieguito/.config/discord/0.0.120/modules/pending/discord_krisp-1.zip: 90%
1/16/2026, 4:05:48 PM GMT-5 [Modules] Streaming discord_krisp@1 to /home/dieguito/.config/discord/0.0.120/modules/pending/discord_krisp-1.zip: 91%
1/16/2026, 4:05:48 PM GMT-5 [Modules] Streaming discord_krisp@1 to /home/dieguito/.config/discord/0.0.120/modules/pending/discord_krisp-1.zip: 92%
1/16/2026, 4:05:48 PM GMT-5 [Modules] Streaming discord_krisp@1 to /home/dieguito/.config/discord/0.0.120/modules/pending/discord_krisp-1.zip: 93%
1/16/2026, 4:05:48 PM GMT-5 [Modules] Streaming discord_krisp@1 to /home/dieguito/.config/discord/0.0.120/modules/pending/discord_krisp-1.zip: 94%
1/16/2026, 4:05:48 PM GMT-5 [Modules] Streaming discord_krisp@1 to /home/dieguito/.config/discord/0.0.120/modules/pending/discord_krisp-1.zip: 95%
1/16/2026, 4:05:48 PM GMT-5 [Modules] Streaming discord_krisp@1 to /home/dieguito/.config/discord/0.0.120/modules/pending/discord_krisp-1.zip: 96%
1/16/2026, 4:05:49 PM GMT-5 [Modules] Streaming discord_krisp@1 to /home/dieguito/.config/discord/0.0.120/modules/pending/discord_krisp-1.zip: 97%
1/16/2026, 4:05:49 PM GMT-5 [Modules] Streaming discord_krisp@1 to /home/dieguito/.config/discord/0.0.120/modules/pending/discord_krisp-1.zip: 98%
1/16/2026, 4:05:49 PM GMT-5 [Modules] Streaming discord_krisp@1 to /home/dieguito/.config/discord/0.0.120/modules/pending/discord_krisp-1.zip: 99%
1/16/2026, 4:05:49 PM GMT-5 [Modules] Streaming discord_krisp@1 to /home/dieguito/.config/discord/0.0.120/modules/pending/discord_krisp-1.zip: 100%
1/16/2026, 4:05:49 PM GMT-5 [Modules] Fetching discord_game_utils@1 from https://discord.com/api/modules/stable/discord_game_utils/1
1/16/2026, 4:05:49 PM GMT-5 [Modules] Streaming discord_game_utils@1 to /home/dieguito/.config/discord/0.0.120/modules/pending/discord_game_utils-1.zip
1/16/2026, 4:05:49 PM GMT-5 [Modules] Installing discord_krisp@1 from /home/dieguito/.config/discord/0.0.120/modules/pending/discord_krisp-1.zip
1/16/2026, 4:05:49 PM GMT-5 [Modules] Finished module installations. [success: 1] [failure: 0]
1/16/2026, 4:05:50 PM GMT-5 [Modules] Streaming discord_game_utils@1 to /home/dieguito/.config/discord/0.0.120/modules/pending/discord_game_utils-1.zip: 1%
1/16/2026, 4:05:50 PM GMT-5 [Modules] Streaming discord_game_utils@1 to /home/dieguito/.config/discord/0.0.120/modules/pending/discord_game_utils-1.zip: 2%
1/16/2026, 4:05:50 PM GMT-5 [Modules] Streaming discord_game_utils@1 to /home/dieguito/.config/discord/0.0.120/modules/pending/discord_game_utils-1.zip: 3%
1/16/2026, 4:05:50 PM GMT-5 [Modules] Streaming discord_game_utils@1 to /home/dieguito/.config/discord/0.0.120/modules/pending/discord_game_utils-1.zip: 4%
1/16/2026, 4:05:50 PM GMT-5 [Modules] Streaming discord_game_utils@1 to /home/dieguito/.config/discord/0.0.120/modules/pending/discord_game_utils-1.zip: 5%
1/16/2026, 4:05:50 PM GMT-5 [Modules] Streaming discord_game_utils@1 to /home/dieguito/.config/discord/0.0.120/modules/pending/discord_game_utils-1.zip: 6%
1/16/2026, 4:05:50 PM GMT-5 [Modules] Streaming discord_game_utils@1 to /home/dieguito/.config/discord/0.0.120/modules/pending/discord_game_utils-1.zip: 7%
1/16/2026, 4:05:50 PM GMT-5 [Modules] Streaming discord_game_utils@1 to /home/dieguito/.config/discord/0.0.120/modules/pending/discord_game_utils-1.zip: 8%
1/16/2026, 4:05:50 PM GMT-5 [Modules] Streaming discord_game_utils@1 to /home/dieguito/.config/discord/0.0.120/modules/pending/discord_game_utils-1.zip: 9%
1/16/2026, 4:05:50 PM GMT-5 [Modules] Streaming discord_game_utils@1 to /home/dieguito/.config/discord/0.0.120/modules/pending/discord_game_utils-1.zip: 10%
1/16/2026, 4:05:50 PM GMT-5 [Modules] Streaming discord_game_utils@1 to /home/dieguito/.config/discord/0.0.120/modules/pending/discord_game_utils-1.zip: 11%
1/16/2026, 4:05:50 PM GMT-5 [Modules] Streaming discord_game_utils@1 to /home/dieguito/.config/discord/0.0.120/modules/pending/discord_game_utils-1.zip: 12%
1/16/2026, 4:05:50 PM GMT-5 [Modules] Streaming discord_game_utils@1 to /home/dieguito/.config/discord/0.0.120/modules/pending/discord_game_utils-1.zip: 13%
1/16/2026, 4:05:50 PM GMT-5 [Modules] Streaming discord_game_utils@1 to /home/dieguito/.config/discord/0.0.120/modules/pending/discord_game_utils-1.zip: 14%
1/16/2026, 4:05:50 PM GMT-5 [Modules] Streaming discord_game_utils@1 to /home/dieguito/.config/discord/0.0.120/modules/pending/discord_game_utils-1.zip: 15%
1/16/2026, 4:05:50 PM GMT-5 [Modules] Streaming discord_game_utils@1 to /home/dieguito/.config/discord/0.0.120/modules/pending/discord_game_utils-1.zip: 16%
1/16/2026, 4:05:50 PM GMT-5 [Modules] Streaming discord_game_utils@1 to /home/dieguito/.config/discord/0.0.120/modules/pending/discord_game_utils-1.zip: 17%
1/16/2026, 4:05:50 PM GMT-5 [Modules] Streaming discord_game_utils@1 to /home/dieguito/.config/discord/0.0.120/modules/pending/discord_game_utils-1.zip: 18%
1/16/2026, 4:05:50 PM GMT-5 [Modules] Streaming discord_game_utils@1 to /home/dieguito/.config/discord/0.0.120/modules/pending/discord_game_utils-1.zip: 19%
1/16/2026, 4:05:50 PM GMT-5 [Modules] Streaming discord_game_utils@1 to /home/dieguito/.config/discord/0.0.120/modules/pending/discord_game_utils-1.zip: 20%
1/16/2026, 4:05:50 PM GMT-5 [Modules] Streaming discord_game_utils@1 to /home/dieguito/.config/discord/0.0.120/modules/pending/discord_game_utils-1.zip: 21%
1/16/2026, 4:05:50 PM GMT-5 [Modules] Streaming discord_game_utils@1 to /home/dieguito/.config/discord/0.0.120/modules/pending/discord_game_utils-1.zip: 22%
1/16/2026, 4:05:50 PM GMT-5 [Modules] Streaming discord_game_utils@1 to /home/dieguito/.config/discord/0.0.120/modules/pending/discord_game_utils-1.zip: 23%
1/16/2026, 4:05:50 PM GMT-5 [Modules] Streaming discord_game_utils@1 to /home/dieguito/.config/discord/0.0.120/modules/pending/discord_game_utils-1.zip: 24%
1/16/2026, 4:05:50 PM GMT-5 [Modules] Streaming discord_game_utils@1 to /home/dieguito/.config/discord/0.0.120/modules/pending/discord_game_utils-1.zip: 25%
1/16/2026, 4:05:50 PM GMT-5 [Modules] Streaming discord_game_utils@1 to /home/dieguito/.config/discord/0.0.120/modules/pending/discord_game_utils-1.zip: 26%
1/16/2026, 4:05:50 PM GMT-5 [Modules] Streaming discord_game_utils@1 to /home/dieguito/.config/discord/0.0.120/modules/pending/discord_game_utils-1.zip: 27%
1/16/2026, 4:05:50 PM GMT-5 [Modules] Streaming discord_game_utils@1 to /home/dieguito/.config/discord/0.0.120/modules/pending/discord_game_utils-1.zip: 28%
1/16/2026, 4:05:50 PM GMT-5 [Modules] Streaming discord_game_utils@1 to /home/dieguito/.config/discord/0.0.120/modules/pending/discord_game_utils-1.zip: 29%
1/16/2026, 4:05:50 PM GMT-5 [Modules] Streaming discord_game_utils@1 to /home/dieguito/.config/discord/0.0.120/modules/pending/discord_game_utils-1.zip: 30%
1/16/2026, 4:05:50 PM GMT-5 [Modules] Streaming discord_game_utils@1 to /home/dieguito/.config/discord/0.0.120/modules/pending/discord_game_utils-1.zip: 31%
1/16/2026, 4:05:50 PM GMT-5 [Modules] Streaming discord_game_utils@1 to /home/dieguito/.config/discord/0.0.120/modules/pending/discord_game_utils-1.zip: 32%
1/16/2026, 4:05:50 PM GMT-5 [Modules] Streaming discord_game_utils@1 to /home/dieguito/.config/discord/0.0.120/modules/pending/discord_game_utils-1.zip: 34%
1/16/2026, 4:05:50 PM GMT-5 [Modules] Streaming discord_game_utils@1 to /home/dieguito/.config/discord/0.0.120/modules/pending/discord_game_utils-1.zip: 40%
1/16/2026, 4:05:50 PM GMT-5 [Modules] Streaming discord_game_utils@1 to /home/dieguito/.config/discord/0.0.120/modules/pending/discord_game_utils-1.zip: 41%
1/16/2026, 4:05:50 PM GMT-5 [Modules] Streaming discord_game_utils@1 to /home/dieguito/.config/discord/0.0.120/modules/pending/discord_game_utils-1.zip: 42%
1/16/2026, 4:05:50 PM GMT-5 [Modules] Streaming discord_game_utils@1 to /home/dieguito/.config/discord/0.0.120/modules/pending/discord_game_utils-1.zip: 43%
1/16/2026, 4:05:50 PM GMT-5 [Modules] Streaming discord_game_utils@1 to /home/dieguito/.config/discord/0.0.120/modules/pending/discord_game_utils-1.zip: 44%
1/16/2026, 4:05:50 PM GMT-5 [Modules] Streaming discord_game_utils@1 to /home/dieguito/.config/discord/0.0.120/modules/pending/discord_game_utils-1.zip: 45%
1/16/2026, 4:05:50 PM GMT-5 [Modules] Streaming discord_game_utils@1 to /home/dieguito/.config/discord/0.0.120/modules/pending/discord_game_utils-1.zip: 46%
1/16/2026, 4:05:50 PM GMT-5 [Modules] Streaming discord_game_utils@1 to /home/dieguito/.config/discord/0.0.120/modules/pending/discord_game_utils-1.zip: 47%
1/16/2026, 4:05:50 PM GMT-5 [Modules] Streaming discord_game_utils@1 to /home/dieguito/.config/discord/0.0.120/modules/pending/discord_game_utils-1.zip: 48%
1/16/2026, 4:05:50 PM GMT-5 [Modules] Streaming discord_game_utils@1 to /home/dieguito/.config/discord/0.0.120/modules/pending/discord_game_utils-1.zip: 49%
1/16/2026, 4:05:50 PM GMT-5 [Modules] Streaming discord_game_utils@1 to /home/dieguito/.config/discord/0.0.120/modules/pending/discord_game_utils-1.zip: 50%
1/16/2026, 4:05:50 PM GMT-5 [Modules] Streaming discord_game_utils@1 to /home/dieguito/.config/discord/0.0.120/modules/pending/discord_game_utils-1.zip: 51%
1/16/2026, 4:05:50 PM GMT-5 [Modules] Streaming discord_game_utils@1 to /home/dieguito/.config/discord/0.0.120/modules/pending/discord_game_utils-1.zip: 52%
1/16/2026, 4:05:50 PM GMT-5 [Modules] Streaming discord_game_utils@1 to /home/dieguito/.config/discord/0.0.120/modules/pending/discord_game_utils-1.zip: 53%
1/16/2026, 4:05:50 PM GMT-5 [Modules] Streaming discord_game_utils@1 to /home/dieguito/.config/discord/0.0.120/modules/pending/discord_game_utils-1.zip: 54%
1/16/2026, 4:05:50 PM GMT-5 [Modules] Streaming discord_game_utils@1 to /home/dieguito/.config/discord/0.0.120/modules/pending/discord_game_utils-1.zip: 55%
1/16/2026, 4:05:50 PM GMT-5 [Modules] Streaming discord_game_utils@1 to /home/dieguito/.config/discord/0.0.120/modules/pending/discord_game_utils-1.zip: 56%
1/16/2026, 4:05:50 PM GMT-5 [Modules] Streaming discord_game_utils@1 to /home/dieguito/.config/discord/0.0.120/modules/pending/discord_game_utils-1.zip: 57%
1/16/2026, 4:05:50 PM GMT-5 [Modules] Streaming discord_game_utils@1 to /home/dieguito/.config/discord/0.0.120/modules/pending/discord_game_utils-1.zip: 58%
1/16/2026, 4:05:50 PM GMT-5 [Modules] Streaming discord_game_utils@1 to /home/dieguito/.config/discord/0.0.120/modules/pending/discord_game_utils-1.zip: 59%
1/16/2026, 4:05:50 PM GMT-5 [Modules] Streaming discord_game_utils@1 to /home/dieguito/.config/discord/0.0.120/modules/pending/discord_game_utils-1.zip: 60%
1/16/2026, 4:05:50 PM GMT-5 [Modules] Streaming discord_game_utils@1 to /home/dieguito/.config/discord/0.0.120/modules/pending/discord_game_utils-1.zip: 61%
1/16/2026, 4:05:50 PM GMT-5 [Modules] Streaming discord_game_utils@1 to /home/dieguito/.config/discord/0.0.120/modules/pending/discord_game_utils-1.zip: 62%
1/16/2026, 4:05:50 PM GMT-5 [Modules] Streaming discord_game_utils@1 to /home/dieguito/.config/discord/0.0.120/modules/pending/discord_game_utils-1.zip: 63%
1/16/2026, 4:05:50 PM GMT-5 [Modules] Streaming discord_game_utils@1 to /home/dieguito/.config/discord/0.0.120/modules/pending/discord_game_utils-1.zip: 64%
1/16/2026, 4:05:50 PM GMT-5 [Modules] Streaming discord_game_utils@1 to /home/dieguito/.config/discord/0.0.120/modules/pending/discord_game_utils-1.zip: 65%
1/16/2026, 4:05:50 PM GMT-5 [Modules] Streaming discord_game_utils@1 to /home/dieguito/.config/discord/0.0.120/modules/pending/discord_game_utils-1.zip: 66%
1/16/2026, 4:05:50 PM GMT-5 [Modules] Streaming discord_game_utils@1 to /home/dieguito/.config/discord/0.0.120/modules/pending/discord_game_utils-1.zip: 67%
1/16/2026, 4:05:50 PM GMT-5 [Modules] Streaming discord_game_utils@1 to /home/dieguito/.config/discord/0.0.120/modules/pending/discord_game_utils-1.zip: 68%
1/16/2026, 4:05:50 PM GMT-5 [Modules] Streaming discord_game_utils@1 to /home/dieguito/.config/discord/0.0.120/modules/pending/discord_game_utils-1.zip: 69%
1/16/2026, 4:05:50 PM GMT-5 [Modules] Streaming discord_game_utils@1 to /home/dieguito/.config/discord/0.0.120/modules/pending/discord_game_utils-1.zip: 70%
1/16/2026, 4:05:50 PM GMT-5 [Modules] Streaming discord_game_utils@1 to /home/dieguito/.config/discord/0.0.120/modules/pending/discord_game_utils-1.zip: 71%
1/16/2026, 4:05:50 PM GMT-5 [Modules] Streaming discord_game_utils@1 to /home/dieguito/.config/discord/0.0.120/modules/pending/discord_game_utils-1.zip: 72%
1/16/2026, 4:05:50 PM GMT-5 [Modules] Streaming discord_game_utils@1 to /home/dieguito/.config/discord/0.0.120/modules/pending/discord_game_utils-1.zip: 73%
1/16/2026, 4:05:50 PM GMT-5 [Modules] Streaming discord_game_utils@1 to /home/dieguito/.config/discord/0.0.120/modules/pending/discord_game_utils-1.zip: 74%
1/16/2026, 4:05:50 PM GMT-5 [Modules] Streaming discord_game_utils@1 to /home/dieguito/.config/discord/0.0.120/modules/pending/discord_game_utils-1.zip: 75%
1/16/2026, 4:05:50 PM GMT-5 [Modules] Streaming discord_game_utils@1 to /home/dieguito/.config/discord/0.0.120/modules/pending/discord_game_utils-1.zip: 76%
1/16/2026, 4:05:50 PM GMT-5 [Modules] Streaming discord_game_utils@1 to /home/dieguito/.config/discord/0.0.120/modules/pending/discord_game_utils-1.zip: 77%
1/16/2026, 4:05:50 PM GMT-5 [Modules] Streaming discord_game_utils@1 to /home/dieguito/.config/discord/0.0.120/modules/pending/discord_game_utils-1.zip: 78%
1/16/2026, 4:05:50 PM GMT-5 [Modules] Streaming discord_game_utils@1 to /home/dieguito/.config/discord/0.0.120/modules/pending/discord_game_utils-1.zip: 79%
1/16/2026, 4:05:50 PM GMT-5 [Modules] Streaming discord_game_utils@1 to /home/dieguito/.config/discord/0.0.120/modules/pending/discord_game_utils-1.zip: 80%
1/16/2026, 4:05:50 PM GMT-5 [Modules] Streaming discord_game_utils@1 to /home/dieguito/.config/discord/0.0.120/modules/pending/discord_game_utils-1.zip: 81%
1/16/2026, 4:05:50 PM GMT-5 [Modules] Streaming discord_game_utils@1 to /home/dieguito/.config/discord/0.0.120/modules/pending/discord_game_utils-1.zip: 82%
1/16/2026, 4:05:50 PM GMT-5 [Modules] Streaming discord_game_utils@1 to /home/dieguito/.config/discord/0.0.120/modules/pending/discord_game_utils-1.zip: 83%
1/16/2026, 4:05:50 PM GMT-5 [Modules] Streaming discord_game_utils@1 to /home/dieguito/.config/discord/0.0.120/modules/pending/discord_game_utils-1.zip: 84%
1/16/2026, 4:05:50 PM GMT-5 [Modules] Streaming discord_game_utils@1 to /home/dieguito/.config/discord/0.0.120/modules/pending/discord_game_utils-1.zip: 85%
1/16/2026, 4:05:50 PM GMT-5 [Modules] Streaming discord_game_utils@1 to /home/dieguito/.config/discord/0.0.120/modules/pending/discord_game_utils-1.zip: 86%
1/16/2026, 4:05:50 PM GMT-5 [Modules] Streaming discord_game_utils@1 to /home/dieguito/.config/discord/0.0.120/modules/pending/discord_game_utils-1.zip: 87%
1/16/2026, 4:05:50 PM GMT-5 [Modules] Streaming discord_game_utils@1 to /home/dieguito/.config/discord/0.0.120/modules/pending/discord_game_utils-1.zip: 88%
1/16/2026, 4:05:50 PM GMT-5 [Modules] Streaming discord_game_utils@1 to /home/dieguito/.config/discord/0.0.120/modules/pending/discord_game_utils-1.zip: 89%
1/16/2026, 4:05:50 PM GMT-5 [Modules] Streaming discord_game_utils@1 to /home/dieguito/.config/discord/0.0.120/modules/pending/discord_game_utils-1.zip: 90%
1/16/2026, 4:05:50 PM GMT-5 [Modules] Streaming discord_game_utils@1 to /home/dieguito/.config/discord/0.0.120/modules/pending/discord_game_utils-1.zip: 91%
1/16/2026, 4:05:50 PM GMT-5 [Modules] Streaming discord_game_utils@1 to /home/dieguito/.config/discord/0.0.120/modules/pending/discord_game_utils-1.zip: 92%
1/16/2026, 4:05:50 PM GMT-5 [Modules] Streaming discord_game_utils@1 to /home/dieguito/.config/discord/0.0.120/modules/pending/discord_game_utils-1.zip: 93%
1/16/2026, 4:05:50 PM GMT-5 [Modules] Streaming discord_game_utils@1 to /home/dieguito/.config/discord/0.0.120/modules/pending/discord_game_utils-1.zip: 94%
1/16/2026, 4:05:50 PM GMT-5 [Modules] Streaming discord_game_utils@1 to /home/dieguito/.config/discord/0.0.120/modules/pending/discord_game_utils-1.zip: 95%
1/16/2026, 4:05:50 PM GMT-5 [Modules] Streaming discord_game_utils@1 to /home/dieguito/.config/discord/0.0.120/modules/pending/discord_game_utils-1.zip: 96%
1/16/2026, 4:05:50 PM GMT-5 [Modules] Streaming discord_game_utils@1 to /home/dieguito/.config/discord/0.0.120/modules/pending/discord_game_utils-1.zip: 97%
1/16/2026, 4:05:50 PM GMT-5 [Modules] Streaming discord_game_utils@1 to /home/dieguito/.config/discord/0.0.120/modules/pending/discord_game_utils-1.zip: 98%
1/16/2026, 4:05:50 PM GMT-5 [Modules] Streaming discord_game_utils@1 to /home/dieguito/.config/discord/0.0.120/modules/pending/discord_game_utils-1.zip: 99%
1/16/2026, 4:05:50 PM GMT-5 [Modules] Streaming discord_game_utils@1 to /home/dieguito/.config/discord/0.0.120/modules/pending/discord_game_utils-1.zip: 100%
1/16/2026, 4:05:50 PM GMT-5 [Modules] Fetching discord_rpc@1 from https://discord.com/api/modules/stable/discord_rpc/1
1/16/2026, 4:05:50 PM GMT-5 [Modules] Streaming discord_rpc@1 to /home/dieguito/.config/discord/0.0.120/modules/pending/discord_rpc-1.zip
1/16/2026, 4:05:50 PM GMT-5 [Modules] Installing discord_game_utils@1 from /home/dieguito/.config/discord/0.0.120/modules/pending/discord_game_utils-1.zip
1/16/2026, 4:05:50 PM GMT-5 [Modules] Finished module installations. [success: 1] [failure: 0]
1/16/2026, 4:05:50 PM GMT-5 [Modules] Streaming discord_rpc@1 to /home/dieguito/.config/discord/0.0.120/modules/pending/discord_rpc-1.zip: 23%
1/16/2026, 4:05:50 PM GMT-5 [Modules] Streaming discord_rpc@1 to /home/dieguito/.config/discord/0.0.120/modules/pending/discord_rpc-1.zip: 41%
1/16/2026, 4:05:50 PM GMT-5 [Modules] Streaming discord_rpc@1 to /home/dieguito/.config/discord/0.0.120/modules/pending/discord_rpc-1.zip: 47%
1/16/2026, 4:05:50 PM GMT-5 [Modules] Streaming discord_rpc@1 to /home/dieguito/.config/discord/0.0.120/modules/pending/discord_rpc-1.zip: 50%
1/16/2026, 4:05:50 PM GMT-5 [Modules] Streaming discord_rpc@1 to /home/dieguito/.config/discord/0.0.120/modules/pending/discord_rpc-1.zip: 53%
1/16/2026, 4:05:50 PM GMT-5 [Modules] Streaming discord_rpc@1 to /home/dieguito/.config/discord/0.0.120/modules/pending/discord_rpc-1.zip: 55%
1/16/2026, 4:05:50 PM GMT-5 [Modules] Streaming discord_rpc@1 to /home/dieguito/.config/discord/0.0.120/modules/pending/discord_rpc-1.zip: 58%
1/16/2026, 4:05:50 PM GMT-5 [Modules] Streaming discord_rpc@1 to /home/dieguito/.config/discord/0.0.120/modules/pending/discord_rpc-1.zip: 61%
1/16/2026, 4:05:50 PM GMT-5 [Modules] Streaming discord_rpc@1 to /home/dieguito/.config/discord/0.0.120/modules/pending/discord_rpc-1.zip: 64%
1/16/2026, 4:05:50 PM GMT-5 [Modules] Streaming discord_rpc@1 to /home/dieguito/.config/discord/0.0.120/modules/pending/discord_rpc-1.zip: 67%
1/16/2026, 4:05:50 PM GMT-5 [Modules] Streaming discord_rpc@1 to /home/dieguito/.config/discord/0.0.120/modules/pending/discord_rpc-1.zip: 70%
1/16/2026, 4:05:50 PM GMT-5 [Modules] Streaming discord_rpc@1 to /home/dieguito/.config/discord/0.0.120/modules/pending/discord_rpc-1.zip: 73%
1/16/2026, 4:05:50 PM GMT-5 [Modules] Streaming discord_rpc@1 to /home/dieguito/.config/discord/0.0.120/modules/pending/discord_rpc-1.zip: 76%
1/16/2026, 4:05:50 PM GMT-5 [Modules] Streaming discord_rpc@1 to /home/dieguito/.config/discord/0.0.120/modules/pending/discord_rpc-1.zip: 79%
1/16/2026, 4:05:50 PM GMT-5 [Modules] Streaming discord_rpc@1 to /home/dieguito/.config/discord/0.0.120/modules/pending/discord_rpc-1.zip: 82%
1/16/2026, 4:05:50 PM GMT-5 [Modules] Streaming discord_rpc@1 to /home/dieguito/.config/discord/0.0.120/modules/pending/discord_rpc-1.zip: 85%
1/16/2026, 4:05:50 PM GMT-5 [Modules] Streaming discord_rpc@1 to /home/dieguito/.config/discord/0.0.120/modules/pending/discord_rpc-1.zip: 88%
1/16/2026, 4:05:50 PM GMT-5 [Modules] Streaming discord_rpc@1 to /home/dieguito/.config/discord/0.0.120/modules/pending/discord_rpc-1.zip: 91%
1/16/2026, 4:05:50 PM GMT-5 [Modules] Streaming discord_rpc@1 to /home/dieguito/.config/discord/0.0.120/modules/pending/discord_rpc-1.zip: 94%
1/16/2026, 4:05:50 PM GMT-5 [Modules] Streaming discord_rpc@1 to /home/dieguito/.config/discord/0.0.120/modules/pending/discord_rpc-1.zip: 97%
1/16/2026, 4:05:50 PM GMT-5 [Modules] Streaming discord_rpc@1 to /home/dieguito/.config/discord/0.0.120/modules/pending/discord_rpc-1.zip: 100%
1/16/2026, 4:05:50 PM GMT-5 [Modules] Finished module downloads. [success: 3] [failure: 0]
1/16/2026, 4:05:50 PM GMT-5 [Modules] Installing discord_rpc@1 from /home/dieguito/.config/discord/0.0.120/modules/pending/discord_rpc-1.zip
1/16/2026, 4:05:51 PM GMT-5 [Modules] Finished module installations. [success: 1] [failure: 0]
1/16/2026, 4:06:28 PM GMT-5 [Modules] Checking for host updates.
1/16/2026, 4:06:29 PM GMT-5 [Modules] Host is up to date.
1/16/2026, 4:06:29 PM GMT-5 [Modules] Checking for module updates at https://discord.com/api/modules/stable/versions.json
1/16/2026, 4:06:29 PM GMT-5 [Modules] No module updates available.
1/16/2026, 4:54:10 PM GMT-5 [Modules] Modules initializing
1/16/2026, 4:54:10 PM GMT-5 [Modules] Distribution: remote
1/16/2026, 4:54:10 PM GMT-5 [Modules] Host updates: enabled
1/16/2026, 4:54:10 PM GMT-5 [Modules] Module updates: enabled
1/16/2026, 4:54:10 PM GMT-5 [Modules] Module install path: /home/dieguito/.config/discord/0.0.120/modules
1/16/2026, 4:54:10 PM GMT-5 [Modules] Module installed file path: /home/dieguito/.config/discord/0.0.120/modules/installed.json
1/16/2026, 4:54:10 PM GMT-5 [Modules] Module download path: /home/dieguito/.config/discord/0.0.120/modules/pending
1/16/2026, 4:54:17 PM GMT-5 [Modules] No updates to install
1/16/2026, 4:54:17 PM GMT-5 [Modules] Checking for host updates.
1/16/2026, 4:54:18 PM GMT-5 [Modules] Host is up to date.
1/16/2026, 4:54:18 PM GMT-5 [Modules] Checking for module updates at https://discord.com/api/modules/stable/versions.json
1/16/2026, 4:54:18 PM GMT-5 [Modules] No module updates available.
1/16/2026, 5:13:58 PM GMT-5 [Modules] Modules initializing
1/16/2026, 5:13:58 PM GMT-5 [Modules] Distribution: remote
1/16/2026, 5:13:58 PM GMT-5 [Modules] Host updates: enabled
1/16/2026, 5:13:58 PM GMT-5 [Modules] Module updates: enabled
1/16/2026, 5:13:58 PM GMT-5 [Modules] Module install path: /home/dieguito/.config/discord/0.0.120/modules
1/16/2026, 5:13:58 PM GMT-5 [Modules] Module installed file path: /home/dieguito/.config/discord/0.0.120/modules/installed.json
1/16/2026, 5:13:58 PM GMT-5 [Modules] Module download path: /home/dieguito/.config/discord/0.0.120/modules/pending
1/16/2026, 5:13:59 PM GMT-5 [Modules] No updates to install
1/16/2026, 5:13:59 PM GMT-5 [Modules] Checking for host updates.
1/16/2026, 5:13:59 PM GMT-5 [Modules] Host is up to date.
1/16/2026, 5:13:59 PM GMT-5 [Modules] Checking for module updates at https://discord.com/api/modules/stable/versions.json
1/16/2026, 5:13:59 PM GMT-5 [Modules] No module updates available.
1/16/2026, 10:27:56 PM GMT-5 [Modules] Modules initializing
1/16/2026, 10:27:56 PM GMT-5 [Modules] Distribution: remote
1/16/2026, 10:27:56 PM GMT-5 [Modules] Host updates: enabled
1/16/2026, 10:27:56 PM GMT-5 [Modules] Module updates: enabled
1/16/2026, 10:27:56 PM GMT-5 [Modules] Module install path: /home/dieguito/.config/discord/0.0.120/modules
1/16/2026, 10:27:56 PM GMT-5 [Modules] Module installed file path: /home/dieguito/.config/discord/0.0.120/modules/installed.json
1/16/2026, 10:27:56 PM GMT-5 [Modules] Module download path: /home/dieguito/.config/discord/0.0.120/modules/pending
1/16/2026, 10:27:57 PM GMT-5 [Modules] No updates to install
1/16/2026, 10:27:57 PM GMT-5 [Modules] Checking for host updates.
1/16/2026, 10:27:57 PM GMT-5 [Modules] Host is up to date.
1/16/2026, 10:27:57 PM GMT-5 [Modules] Checking for module updates at https://discord.com/api/modules/stable/versions.json
1/16/2026, 10:27:58 PM GMT-5 [Modules] No module updates available.
1/17/2026, 8:41:34 AM GMT-5 [Modules] Modules initializing
1/17/2026, 8:41:34 AM GMT-5 [Modules] Distribution: remote
1/17/2026, 8:41:34 AM GMT-5 [Modules] Host updates: enabled
1/17/2026, 8:41:34 AM GMT-5 [Modules] Module updates: enabled
1/17/2026, 8:41:34 AM GMT-5 [Modules] Module install path: /home/dieguito/.config/discord/0.0.120/modules
1/17/2026, 8:41:34 AM GMT-5 [Modules] Module installed file path: /home/dieguito/.config/discord/0.0.120/modules/installed.json
1/17/2026, 8:41:34 AM GMT-5 [Modules] Module download path: /home/dieguito/.config/discord/0.0.120/modules/pending
1/17/2026, 8:41:35 AM GMT-5 [Modules] No updates to install
1/17/2026, 8:41:35 AM GMT-5 [Modules] Checking for host updates.
1/17/2026, 8:41:36 AM GMT-5 [Modules] Host is up to date.
1/17/2026, 8:41:36 AM GMT-5 [Modules] Checking for module updates at https://discord.com/api/modules/stable/versions.json
1/17/2026, 8:41:37 AM GMT-5 [Modules] No module updates available.
1/17/2026, 9:20:38 AM GMT-5 [Modules] Modules initializing
1/17/2026, 9:20:38 AM GMT-5 [Modules] Distribution: remote
1/17/2026, 9:20:38 AM GMT-5 [Modules] Host updates: enabled
1/17/2026, 9:20:38 AM GMT-5 [Modules] Module updates: enabled
1/17/2026, 9:20:38 AM GMT-5 [Modules] Module install path: /home/dieguito/.config/discord/0.0.120/modules
1/17/2026, 9:20:38 AM GMT-5 [Modules] Module installed file path: /home/dieguito/.config/discord/0.0.120/modules/installed.json
1/17/2026, 9:20:38 AM GMT-5 [Modules] Module download path: /home/dieguito/.config/discord/0.0.120/modules/pending
1/17/2026, 9:20:43 AM GMT-5 [Modules] No updates to install
1/17/2026, 9:20:43 AM GMT-5 [Modules] Checking for host updates.
1/17/2026, 9:20:45 AM GMT-5 [Modules] Host is up to date.
1/17/2026, 9:20:45 AM GMT-5 [Modules] Checking for module updates at https://discord.com/api/modules/stable/versions.json
1/17/2026, 9:20:45 AM GMT-5 [Modules] No module updates available.
1/17/2026, 9:25:09 AM GMT-5 [Modules] Modules initializing
1/17/2026, 9:25:10 AM GMT-5 [Modules] Distribution: remote
1/17/2026, 9:25:10 AM GMT-5 [Modules] Host updates: enabled
1/17/2026, 9:25:10 AM GMT-5 [Modules] Module updates: enabled
1/17/2026, 9:25:10 AM GMT-5 [Modules] Module install path: /home/dieguito/.config/discord/0.0.120/modules
1/17/2026, 9:25:10 AM GMT-5 [Modules] Module installed file path: /home/dieguito/.config/discord/0.0.120/modules/installed.json
1/17/2026, 9:25:10 AM GMT-5 [Modules] Module download path: /home/dieguito/.config/discord/0.0.120/modules/pending
1/17/2026, 9:25:16 AM GMT-5 [Modules] No updates to install
1/17/2026, 9:25:16 AM GMT-5 [Modules] Checking for host updates.
1/17/2026, 9:25:20 AM GMT-5 [Modules] Host is up to date.
1/17/2026, 9:25:20 AM GMT-5 [Modules] Checking for module updates at https://discord.com/api/modules/stable/versions.json
1/17/2026, 9:25:20 AM GMT-5 [Modules] No module updates available.
1/17/2026, 9:25:55 AM GMT-5 [Modules] Checking for host updates.
1/17/2026, 9:25:55 AM GMT-5 [Modules] Host is up to date.
1/17/2026, 9:25:55 AM GMT-5 [Modules] Checking for module updates at https://discord.com/api/modules/stable/versions.json
1/17/2026, 9:25:55 AM GMT-5 [Modules] No module updates available.
1/17/2026, 10:19:35 AM GMT-5 [Modules] Checking for host updates.
1/17/2026, 10:19:35 AM GMT-5 [Modules] Host is up to date.
1/17/2026, 10:19:35 AM GMT-5 [Modules] Checking for module updates at https://discord.com/api/modules/stable/versions.json
1/17/2026, 10:19:35 AM GMT-5 [Modules] No module updates available.
1/17/2026, 11:11:41 AM GMT-5 [Modules] Modules initializing
1/17/2026, 11:11:41 AM GMT-5 [Modules] Distribution: remote
1/17/2026, 11:11:41 AM GMT-5 [Modules] Host updates: enabled
1/17/2026, 11:11:41 AM GMT-5 [Modules] Module updates: enabled
1/17/2026, 11:11:41 AM GMT-5 [Modules] Module install path: /home/dieguito/.config/discord/0.0.120/modules
1/17/2026, 11:11:41 AM GMT-5 [Modules] Module installed file path: /home/dieguito/.config/discord/0.0.120/modules/installed.json
1/17/2026, 11:11:41 AM GMT-5 [Modules] Module download path: /home/dieguito/.config/discord/0.0.120/modules/pending
1/17/2026, 11:11:41 AM GMT-5 [Modules] No updates to install
1/17/2026, 11:11:41 AM GMT-5 [Modules] Checking for host updates.
1/17/2026, 11:11:42 AM GMT-5 [Modules] Host is up to date.
1/17/2026, 11:11:42 AM GMT-5 [Modules] Checking for module updates at https://discord.com/api/modules/stable/versions.json
1/17/2026, 11:11:42 AM GMT-5 [Modules] No module updates available.
1/17/2026, 11:11:48 AM GMT-5 [Modules] Checking for host updates.
1/17/2026, 11:11:48 AM GMT-5 [Modules] Host is up to date.
1/17/2026, 11:11:48 AM GMT-5 [Modules] Checking for module updates at https://discord.com/api/modules/stable/versions.json
1/17/2026, 11:11:48 AM GMT-5 [Modules] No module updates available.
1/17/2026, 3:31:20 PM GMT-5 [Modules] Modules initializing
1/17/2026, 3:31:20 PM GMT-5 [Modules] Distribution: remote
1/17/2026, 3:31:20 PM GMT-5 [Modules] Host updates: enabled
1/17/2026, 3:31:20 PM GMT-5 [Modules] Module updates: enabled
1/17/2026, 3:31:20 PM GMT-5 [Modules] Module install path: /home/dieguito/.config/discord/0.0.120/modules
1/17/2026, 3:31:20 PM GMT-5 [Modules] Module installed file path: /home/dieguito/.config/discord/0.0.120/modules/installed.json
1/17/2026, 3:31:20 PM GMT-5 [Modules] Module download path: /home/dieguito/.config/discord/0.0.120/modules/pending
1/17/2026, 3:31:21 PM GMT-5 [Modules] No updates to install
1/17/2026, 3:31:21 PM GMT-5 [Modules] Checking for host updates.
1/17/2026, 3:31:22 PM GMT-5 [Modules] Host is up to date.
1/17/2026, 3:31:22 PM GMT-5 [Modules] Checking for module updates at https://discord.com/api/modules/stable/versions.json
1/17/2026, 3:31:22 PM GMT-5 [Modules] No module updates available.
1/17/2026, 3:31:29 PM GMT-5 [Modules] Checking for host updates.
1/17/2026, 3:31:30 PM GMT-5 [Modules] Host is up to date.
1/17/2026, 3:31:30 PM GMT-5 [Modules] Checking for module updates at https://discord.com/api/modules/stable/versions.json
1/17/2026, 3:31:30 PM GMT-5 [Modules] No module updates available.
1/18/2026, 3:08:32 PM GMT-5 [Modules] Modules initializing
1/18/2026, 3:08:32 PM GMT-5 [Modules] Distribution: remote
1/18/2026, 3:08:32 PM GMT-5 [Modules] Host updates: enabled
1/18/2026, 3:08:32 PM GMT-5 [Modules] Module updates: enabled
1/18/2026, 3:08:32 PM GMT-5 [Modules] Module install path: /home/dieguito/.config/discord/0.0.120/modules
1/18/2026, 3:08:32 PM GMT-5 [Modules] Module installed file path: /home/dieguito/.config/discord/0.0.120/modules/installed.json
1/18/2026, 3:08:32 PM GMT-5 [Modules] Module download path: /home/dieguito/.config/discord/0.0.120/modules/pending
1/18/2026, 3:08:34 PM GMT-5 [Modules] No updates to install
1/18/2026, 3:08:34 PM GMT-5 [Modules] Checking for host updates.
1/18/2026, 3:08:35 PM GMT-5 [Modules] Host is up to date.
1/18/2026, 3:08:35 PM GMT-5 [Modules] Checking for module updates at https://discord.com/api/modules/stable/versions.json
1/18/2026, 3:08:35 PM GMT-5 [Modules] No module updates available.
1/18/2026, 3:08:42 PM GMT-5 [Modules] Checking for host updates.
1/18/2026, 3:08:42 PM GMT-5 [Modules] Host is up to date.
1/18/2026, 3:08:42 PM GMT-5 [Modules] Checking for module updates at https://discord.com/api/modules/stable/versions.json
1/18/2026, 3:08:42 PM GMT-5 [Modules] No module updates available.
1/18/2026, 3:30:14 PM GMT-5 [Modules] Modules initializing
1/18/2026, 3:30:14 PM GMT-5 [Modules] Distribution: remote
1/18/2026, 3:30:14 PM GMT-5 [Modules] Host updates: enabled
1/18/2026, 3:30:14 PM GMT-5 [Modules] Module updates: enabled
1/18/2026, 3:30:14 PM GMT-5 [Modules] Module install path: /home/dieguito/.config/discord/0.0.120/modules
1/18/2026, 3:30:14 PM GMT-5 [Modules] Module installed file path: /home/dieguito/.config/discord/0.0.120/modules/installed.json
1/18/2026, 3:30:14 PM GMT-5 [Modules] Module download path: /home/dieguito/.config/discord/0.0.120/modules/pending
1/18/2026, 3:30:15 PM GMT-5 [Modules] No updates to install
1/18/2026, 3:30:15 PM GMT-5 [Modules] Checking for host updates.
1/18/2026, 3:30:16 PM GMT-5 [Modules] Host is up to date.
1/18/2026, 3:30:16 PM GMT-5 [Modules] Checking for module updates at https://discord.com/api/modules/stable/versions.json
1/18/2026, 3:30:16 PM GMT-5 [Modules] No module updates available.
1/18/2026, 3:30:22 PM GMT-5 [Modules] Checking for host updates.
1/18/2026, 3:30:22 PM GMT-5 [Modules] Host is up to date.
1/18/2026, 3:30:22 PM GMT-5 [Modules] Checking for module updates at https://discord.com/api/modules/stable/versions.json
1/18/2026, 3:30:22 PM GMT-5 [Modules] No module updates available.
1/18/2026, 4:26:10 PM GMT-5 [Modules] Modules initializing
1/18/2026, 4:26:10 PM GMT-5 [Modules] Distribution: remote
1/18/2026, 4:26:10 PM GMT-5 [Modules] Host updates: enabled
1/18/2026, 4:26:10 PM GMT-5 [Modules] Module updates: enabled
1/18/2026, 4:26:10 PM GMT-5 [Modules] Module install path: /home/dieguito/.config/discord/0.0.120/modules
1/18/2026, 4:26:10 PM GMT-5 [Modules] Module installed file path: /home/dieguito/.config/discord/0.0.120/modules/installed.json
1/18/2026, 4:26:10 PM GMT-5 [Modules] Module download path: /home/dieguito/.config/discord/0.0.120/modules/pending
1/18/2026, 4:26:13 PM GMT-5 [Modules] No updates to install
1/18/2026, 4:26:13 PM GMT-5 [Modules] Checking for host updates.
1/18/2026, 4:26:14 PM GMT-5 [Modules] Host is up to date.
1/18/2026, 4:26:14 PM GMT-5 [Modules] Checking for module updates at https://discord.com/api/modules/stable/versions.json
1/18/2026, 4:26:14 PM GMT-5 [Modules] No module updates available.
1/18/2026, 4:26:25 PM GMT-5 [Modules] Checking for host updates.
1/18/2026, 4:26:25 PM GMT-5 [Modules] Host is up to date.
1/18/2026, 4:26:25 PM GMT-5 [Modules] Checking for module updates at https://discord.com/api/modules/stable/versions.json
1/18/2026, 4:26:25 PM GMT-5 [Modules] No module updates available.
1/25/2026, 1:51:00 PM GMT-5 [Modules] Modules initializing
1/25/2026, 1:51:00 PM GMT-5 [Modules] Distribution: remote
1/25/2026, 1:51:00 PM GMT-5 [Modules] Host updates: enabled
1/25/2026, 1:51:00 PM GMT-5 [Modules] Module updates: enabled
1/25/2026, 1:51:00 PM GMT-5 [Modules] Module install path: /home/dieguitodebian/.config/discord/0.0.120/modules
1/25/2026, 1:51:00 PM GMT-5 [Modules] Module installed file path: /home/dieguitodebian/.config/discord/0.0.120/modules/installed.json
1/25/2026, 1:51:00 PM GMT-5 [Modules] Module download path: /home/dieguitodebian/.config/discord/0.0.120/modules/pending
1/25/2026, 1:51:00 PM GMT-5 [Modules] No updates to install
1/25/2026, 1:51:00 PM GMT-5 [Modules] Checking for host updates.
1/25/2026, 1:51:00 PM GMT-5 [Modules] Host update is available. Manual update required!
1/25/2026, 1:52:24 PM GMT-5 [Modules] Modules initializing
1/25/2026, 1:52:24 PM GMT-5 [Modules] Distribution: remote
1/25/2026, 1:52:24 PM GMT-5 [Modules] Host updates: enabled
1/25/2026, 1:52:24 PM GMT-5 [Modules] Module updates: enabled
1/25/2026, 1:52:24 PM GMT-5 [Modules] Module install path: /home/dieguitodebian/.config/discord/0.0.121/modules
1/25/2026, 1:52:24 PM GMT-5 [Modules] Module installed file path: /home/dieguitodebian/.config/discord/0.0.121/modules/installed.json
1/25/2026, 1:52:24 PM GMT-5 [Modules] Module download path: /home/dieguitodebian/.config/discord/0.0.121/modules/pending
1/25/2026, 1:52:24 PM GMT-5 [Modules] Bootstrapping...
1/25/2026, 1:52:24 PM GMT-5 [Modules] Installing discord_desktop_core@0 from /usr/share/discord/resources/bootstrap/discord_desktop_core.zip
1/25/2026, 1:52:24 PM GMT-5 [Modules] Failed installing discord_desktop_core@0: Error: ENOENT: no such file or directory, open '/usr/share/discord/resources/bootstrap/discord_desktop_core.zip'
1/25/2026, 1:52:24 PM GMT-5 [Modules] Installing discord_erlpack@0 from /usr/share/discord/resources/bootstrap/discord_erlpack.zip
1/25/2026, 1:52:24 PM GMT-5 [Modules] Failed installing discord_erlpack@0: Error: ENOENT: no such file or directory, open '/usr/share/discord/resources/bootstrap/discord_erlpack.zip'
1/25/2026, 1:52:24 PM GMT-5 [Modules] Installing discord_spellcheck@0 from /usr/share/discord/resources/bootstrap/discord_spellcheck.zip
1/25/2026, 1:52:24 PM GMT-5 [Modules] Failed installing discord_spellcheck@0: Error: ENOENT: no such file or directory, open '/usr/share/discord/resources/bootstrap/discord_spellcheck.zip'
1/25/2026, 1:52:24 PM GMT-5 [Modules] Installing discord_utils@0 from /usr/share/discord/resources/bootstrap/discord_utils.zip
1/25/2026, 1:52:24 PM GMT-5 [Modules] Failed installing discord_utils@0: Error: ENOENT: no such file or directory, open '/usr/share/discord/resources/bootstrap/discord_utils.zip'
1/25/2026, 1:52:24 PM GMT-5 [Modules] Installing discord_voice@0 from /usr/share/discord/resources/bootstrap/discord_voice.zip
1/25/2026, 1:52:24 PM GMT-5 [Modules] Failed installing discord_voice@0: Error: ENOENT: no such file or directory, open '/usr/share/discord/resources/bootstrap/discord_voice.zip'
1/25/2026, 1:52:24 PM GMT-5 [Modules] Installing discord_zstd@0 from /usr/share/discord/resources/bootstrap/discord_zstd.zip
1/25/2026, 1:52:24 PM GMT-5 [Modules] Failed installing discord_zstd@0: Error: ENOENT: no such file or directory, open '/usr/share/discord/resources/bootstrap/discord_zstd.zip'
1/25/2026, 1:52:24 PM GMT-5 [Modules] Finished module installations. [success: 0] [failure: 6]
1/25/2026, 1:52:24 PM GMT-5 [Modules] Checking for host updates.
1/25/2026, 1:52:25 PM GMT-5 [Modules] Host is up to date.
1/25/2026, 1:52:25 PM GMT-5 [Modules] Checking for module updates at https://discord.com/api/modules/stable/versions.json
1/25/2026, 1:52:25 PM GMT-5 [Modules] Module update available: discord_desktop_core@1 [installed: 0]
1/25/2026, 1:52:25 PM GMT-5 [Modules] Module update available: discord_erlpack@1 [installed: 0]
1/25/2026, 1:52:25 PM GMT-5 [Modules] Module update available: discord_spellcheck@1 [installed: 0]
1/25/2026, 1:52:25 PM GMT-5 [Modules] Module update available: discord_utils@1 [installed: 0]
1/25/2026, 1:52:25 PM GMT-5 [Modules] Module update available: discord_voice@1 [installed: 0]
1/25/2026, 1:52:25 PM GMT-5 [Modules] Module update available: discord_zstd@1 [installed: 0]
1/25/2026, 1:52:25 PM GMT-5 [Modules] Fetching discord_desktop_core@1 from https://discord.com/api/modules/stable/discord_desktop_core/1
1/25/2026, 1:52:25 PM GMT-5 [Modules] Streaming discord_desktop_core@1 to /home/dieguitodebian/.config/discord/0.0.121/modules/pending/discord_desktop_core-1.zip
1/25/2026, 1:52:25 PM GMT-5 [Modules] Streaming discord_desktop_core@1 to /home/dieguitodebian/.config/discord/0.0.121/modules/pending/discord_desktop_core-1.zip: 1%
1/25/2026, 1:52:25 PM GMT-5 [Modules] Streaming discord_desktop_core@1 to /home/dieguitodebian/.config/discord/0.0.121/modules/pending/discord_desktop_core-1.zip: 2%
1/25/2026, 1:52:25 PM GMT-5 [Modules] Streaming discord_desktop_core@1 to /home/dieguitodebian/.config/discord/0.0.121/modules/pending/discord_desktop_core-1.zip: 3%
1/25/2026, 1:52:25 PM GMT-5 [Modules] Streaming discord_desktop_core@1 to /home/dieguitodebian/.config/discord/0.0.121/modules/pending/discord_desktop_core-1.zip: 4%
1/25/2026, 1:52:25 PM GMT-5 [Modules] Streaming discord_desktop_core@1 to /home/dieguitodebian/.config/discord/0.0.121/modules/pending/discord_desktop_core-1.zip: 5%
1/25/2026, 1:52:25 PM GMT-5 [Modules] Streaming discord_desktop_core@1 to /home/dieguitodebian/.config/discord/0.0.121/modules/pending/discord_desktop_core-1.zip: 6%
1/25/2026, 1:52:25 PM GMT-5 [Modules] Streaming discord_desktop_core@1 to /home/dieguitodebian/.config/discord/0.0.121/modules/pending/discord_desktop_core-1.zip: 7%
1/25/2026, 1:52:25 PM GMT-5 [Modules] Streaming discord_desktop_core@1 to /home/dieguitodebian/.config/discord/0.0.121/modules/pending/discord_desktop_core-1.zip: 8%
1/25/2026, 1:52:25 PM GMT-5 [Modules] Streaming discord_desktop_core@1 to /home/dieguitodebian/.config/discord/0.0.121/modules/pending/discord_desktop_core-1.zip: 9%
1/25/2026, 1:52:25 PM GMT-5 [Modules] Streaming discord_desktop_core@1 to /home/dieguitodebian/.config/discord/0.0.121/modules/pending/discord_desktop_core-1.zip: 10%
1/25/2026, 1:52:25 PM GMT-5 [Modules] Streaming discord_desktop_core@1 to /home/dieguitodebian/.config/discord/0.0.121/modules/pending/discord_desktop_core-1.zip: 11%
1/25/2026, 1:52:25 PM GMT-5 [Modules] Streaming discord_desktop_core@1 to /home/dieguitodebian/.config/discord/0.0.121/modules/pending/discord_desktop_core-1.zip: 12%
1/25/2026, 1:52:25 PM GMT-5 [Modules] Streaming discord_desktop_core@1 to /home/dieguitodebian/.config/discord/0.0.121/modules/pending/discord_desktop_core-1.zip: 13%
1/25/2026, 1:52:25 PM GMT-5 [Modules] Streaming discord_desktop_core@1 to /home/dieguitodebian/.config/discord/0.0.121/modules/pending/discord_desktop_core-1.zip: 14%
1/25/2026, 1:52:25 PM GMT-5 [Modules] Streaming discord_desktop_core@1 to /home/dieguitodebian/.config/discord/0.0.121/modules/pending/discord_desktop_core-1.zip: 15%
1/25/2026, 1:52:25 PM GMT-5 [Modules] Streaming discord_desktop_core@1 to /home/dieguitodebian/.config/discord/0.0.121/modules/pending/discord_desktop_core-1.zip: 16%
1/25/2026, 1:52:25 PM GMT-5 [Modules] Streaming discord_desktop_core@1 to /home/dieguitodebian/.config/discord/0.0.121/modules/pending/discord_desktop_core-1.zip: 17%
1/25/2026, 1:52:25 PM GMT-5 [Modules] Streaming discord_desktop_core@1 to /home/dieguitodebian/.config/discord/0.0.121/modules/pending/discord_desktop_core-1.zip: 18%
1/25/2026, 1:52:25 PM GMT-5 [Modules] Streaming discord_desktop_core@1 to /home/dieguitodebian/.config/discord/0.0.121/modules/pending/discord_desktop_core-1.zip: 19%
1/25/2026, 1:52:25 PM GMT-5 [Modules] Streaming discord_desktop_core@1 to /home/dieguitodebian/.config/discord/0.0.121/modules/pending/discord_desktop_core-1.zip: 20%
1/25/2026, 1:52:25 PM GMT-5 [Modules] Streaming discord_desktop_core@1 to /home/dieguitodebian/.config/discord/0.0.121/modules/pending/discord_desktop_core-1.zip: 21%
1/25/2026, 1:52:25 PM GMT-5 [Modules] Streaming discord_desktop_core@1 to /home/dieguitodebian/.config/discord/0.0.121/modules/pending/discord_desktop_core-1.zip: 22%
1/25/2026, 1:52:25 PM GMT-5 [Modules] Streaming discord_desktop_core@1 to /home/dieguitodebian/.config/discord/0.0.121/modules/pending/discord_desktop_core-1.zip: 23%
1/25/2026, 1:52:25 PM GMT-5 [Modules] Streaming discord_desktop_core@1 to /home/dieguitodebian/.config/discord/0.0.121/modules/pending/discord_desktop_core-1.zip: 24%
1/25/2026, 1:52:25 PM GMT-5 [Modules] Streaming discord_desktop_core@1 to /home/dieguitodebian/.config/discord/0.0.121/modules/pending/discord_desktop_core-1.zip: 25%
1/25/2026, 1:52:25 PM GMT-5 [Modules] Streaming discord_desktop_core@1 to /home/dieguitodebian/.config/discord/0.0.121/modules/pending/discord_desktop_core-1.zip: 26%
1/25/2026, 1:52:25 PM GMT-5 [Modules] Streaming discord_desktop_core@1 to /home/dieguitodebian/.config/discord/0.0.121/modules/pending/discord_desktop_core-1.zip: 27%
1/25/2026, 1:52:25 PM GMT-5 [Modules] Streaming discord_desktop_core@1 to /home/dieguitodebian/.config/discord/0.0.121/modules/pending/discord_desktop_core-1.zip: 28%
1/25/2026, 1:52:25 PM GMT-5 [Modules] Streaming discord_desktop_core@1 to /home/dieguitodebian/.config/discord/0.0.121/modules/pending/discord_desktop_core-1.zip: 29%
1/25/2026, 1:52:25 PM GMT-5 [Modules] Streaming discord_desktop_core@1 to /home/dieguitodebian/.config/discord/0.0.121/modules/pending/discord_desktop_core-1.zip: 30%
1/25/2026, 1:52:25 PM GMT-5 [Modules] Streaming discord_desktop_core@1 to /home/dieguitodebian/.config/discord/0.0.121/modules/pending/discord_desktop_core-1.zip: 31%
1/25/2026, 1:52:25 PM GMT-5 [Modules] Streaming discord_desktop_core@1 to /home/dieguitodebian/.config/discord/0.0.121/modules/pending/discord_desktop_core-1.zip: 32%
1/25/2026, 1:52:25 PM GMT-5 [Modules] Streaming discord_desktop_core@1 to /home/dieguitodebian/.config/discord/0.0.121/modules/pending/discord_desktop_core-1.zip: 33%
1/25/2026, 1:52:25 PM GMT-5 [Modules] Streaming discord_desktop_core@1 to /home/dieguitodebian/.config/discord/0.0.121/modules/pending/discord_desktop_core-1.zip: 34%
1/25/2026, 1:52:25 PM GMT-5 [Modules] Streaming discord_desktop_core@1 to /home/dieguitodebian/.config/discord/0.0.121/modules/pending/discord_desktop_core-1.zip: 35%
1/25/2026, 1:52:25 PM GMT-5 [Modules] Streaming discord_desktop_core@1 to /home/dieguitodebian/.config/discord/0.0.121/modules/pending/discord_desktop_core-1.zip: 36%
1/25/2026, 1:52:25 PM GMT-5 [Modules] Streaming discord_desktop_core@1 to /home/dieguitodebian/.config/discord/0.0.121/modules/pending/discord_desktop_core-1.zip: 37%
1/25/2026, 1:52:25 PM GMT-5 [Modules] Streaming discord_desktop_core@1 to /home/dieguitodebian/.config/discord/0.0.121/modules/pending/discord_desktop_core-1.zip: 38%
1/25/2026, 1:52:25 PM GMT-5 [Modules] Streaming discord_desktop_core@1 to /home/dieguitodebian/.config/discord/0.0.121/modules/pending/discord_desktop_core-1.zip: 39%
1/25/2026, 1:52:25 PM GMT-5 [Modules] Streaming discord_desktop_core@1 to /home/dieguitodebian/.config/discord/0.0.121/modules/pending/discord_desktop_core-1.zip: 40%
1/25/2026, 1:52:25 PM GMT-5 [Modules] Streaming discord_desktop_core@1 to /home/dieguitodebian/.config/discord/0.0.121/modules/pending/discord_desktop_core-1.zip: 41%
1/25/2026, 1:52:25 PM GMT-5 [Modules] Streaming discord_desktop_core@1 to /home/dieguitodebian/.config/discord/0.0.121/modules/pending/discord_desktop_core-1.zip: 42%
1/25/2026, 1:52:25 PM GMT-5 [Modules] Streaming discord_desktop_core@1 to /home/dieguitodebian/.config/discord/0.0.121/modules/pending/discord_desktop_core-1.zip: 43%
1/25/2026, 1:52:25 PM GMT-5 [Modules] Streaming discord_desktop_core@1 to /home/dieguitodebian/.config/discord/0.0.121/modules/pending/discord_desktop_core-1.zip: 44%
1/25/2026, 1:52:25 PM GMT-5 [Modules] Streaming discord_desktop_core@1 to /home/dieguitodebian/.config/discord/0.0.121/modules/pending/discord_desktop_core-1.zip: 45%
1/25/2026, 1:52:25 PM GMT-5 [Modules] Streaming discord_desktop_core@1 to /home/dieguitodebian/.config/discord/0.0.121/modules/pending/discord_desktop_core-1.zip: 46%
1/25/2026, 1:52:25 PM GMT-5 [Modules] Streaming discord_desktop_core@1 to /home/dieguitodebian/.config/discord/0.0.121/modules/pending/discord_desktop_core-1.zip: 47%
1/25/2026, 1:52:25 PM GMT-5 [Modules] Streaming discord_desktop_core@1 to /home/dieguitodebian/.config/discord/0.0.121/modules/pending/discord_desktop_core-1.zip: 48%
1/25/2026, 1:52:25 PM GMT-5 [Modules] Streaming discord_desktop_core@1 to /home/dieguitodebian/.config/discord/0.0.121/modules/pending/discord_desktop_core-1.zip: 49%
1/25/2026, 1:52:25 PM GMT-5 [Modules] Streaming discord_desktop_core@1 to /home/dieguitodebian/.config/discord/0.0.121/modules/pending/discord_desktop_core-1.zip: 50%
1/25/2026, 1:52:25 PM GMT-5 [Modules] Streaming discord_desktop_core@1 to /home/dieguitodebian/.config/discord/0.0.121/modules/pending/discord_desktop_core-1.zip: 52%
1/25/2026, 1:52:25 PM GMT-5 [Modules] Streaming discord_desktop_core@1 to /home/dieguitodebian/.config/discord/0.0.121/modules/pending/discord_desktop_core-1.zip: 53%
1/25/2026, 1:52:25 PM GMT-5 [Modules] Streaming discord_desktop_core@1 to /home/dieguitodebian/.config/discord/0.0.121/modules/pending/discord_desktop_core-1.zip: 54%
1/25/2026, 1:52:25 PM GMT-5 [Modules] Streaming discord_desktop_core@1 to /home/dieguitodebian/.config/discord/0.0.121/modules/pending/discord_desktop_core-1.zip: 55%
1/25/2026, 1:52:25 PM GMT-5 [Modules] Streaming discord_desktop_core@1 to /home/dieguitodebian/.config/discord/0.0.121/modules/pending/discord_desktop_core-1.zip: 56%
1/25/2026, 1:52:25 PM GMT-5 [Modules] Streaming discord_desktop_core@1 to /home/dieguitodebian/.config/discord/0.0.121/modules/pending/discord_desktop_core-1.zip: 57%
1/25/2026, 1:52:25 PM GMT-5 [Modules] Streaming discord_desktop_core@1 to /home/dieguitodebian/.config/discord/0.0.121/modules/pending/discord_desktop_core-1.zip: 58%
1/25/2026, 1:52:25 PM GMT-5 [Modules] Streaming discord_desktop_core@1 to /home/dieguitodebian/.config/discord/0.0.121/modules/pending/discord_desktop_core-1.zip: 59%
1/25/2026, 1:52:25 PM GMT-5 [Modules] Streaming discord_desktop_core@1 to /home/dieguitodebian/.config/discord/0.0.121/modules/pending/discord_desktop_core-1.zip: 61%
1/25/2026, 1:52:25 PM GMT-5 [Modules] Streaming discord_desktop_core@1 to /home/dieguitodebian/.config/discord/0.0.121/modules/pending/discord_desktop_core-1.zip: 62%
1/25/2026, 1:52:25 PM GMT-5 [Modules] Streaming discord_desktop_core@1 to /home/dieguitodebian/.config/discord/0.0.121/modules/pending/discord_desktop_core-1.zip: 64%
1/25/2026, 1:52:25 PM GMT-5 [Modules] Streaming discord_desktop_core@1 to /home/dieguitodebian/.config/discord/0.0.121/modules/pending/discord_desktop_core-1.zip: 65%
1/25/2026, 1:52:25 PM GMT-5 [Modules] Streaming discord_desktop_core@1 to /home/dieguitodebian/.config/discord/0.0.121/modules/pending/discord_desktop_core-1.zip: 67%
1/25/2026, 1:52:25 PM GMT-5 [Modules] Streaming discord_desktop_core@1 to /home/dieguitodebian/.config/discord/0.0.121/modules/pending/discord_desktop_core-1.zip: 68%
1/25/2026, 1:52:25 PM GMT-5 [Modules] Streaming discord_desktop_core@1 to /home/dieguitodebian/.config/discord/0.0.121/modules/pending/discord_desktop_core-1.zip: 69%
1/25/2026, 1:52:25 PM GMT-5 [Modules] Streaming discord_desktop_core@1 to /home/dieguitodebian/.config/discord/0.0.121/modules/pending/discord_desktop_core-1.zip: 70%
1/25/2026, 1:52:25 PM GMT-5 [Modules] Streaming discord_desktop_core@1 to /home/dieguitodebian/.config/discord/0.0.121/modules/pending/discord_desktop_core-1.zip: 71%
1/25/2026, 1:52:25 PM GMT-5 [Modules] Streaming discord_desktop_core@1 to /home/dieguitodebian/.config/discord/0.0.121/modules/pending/discord_desktop_core-1.zip: 74%
1/25/2026, 1:52:25 PM GMT-5 [Modules] Streaming discord_desktop_core@1 to /home/dieguitodebian/.config/discord/0.0.121/modules/pending/discord_desktop_core-1.zip: 77%
1/25/2026, 1:52:25 PM GMT-5 [Modules] Streaming discord_desktop_core@1 to /home/dieguitodebian/.config/discord/0.0.121/modules/pending/discord_desktop_core-1.zip: 78%
1/25/2026, 1:52:25 PM GMT-5 [Modules] Streaming discord_desktop_core@1 to /home/dieguitodebian/.config/discord/0.0.121/modules/pending/discord_desktop_core-1.zip: 80%
1/25/2026, 1:52:25 PM GMT-5 [Modules] Streaming discord_desktop_core@1 to /home/dieguitodebian/.config/discord/0.0.121/modules/pending/discord_desktop_core-1.zip: 83%
1/25/2026, 1:52:25 PM GMT-5 [Modules] Streaming discord_desktop_core@1 to /home/dieguitodebian/.config/discord/0.0.121/modules/pending/discord_desktop_core-1.zip: 84%
1/25/2026, 1:52:25 PM GMT-5 [Modules] Streaming discord_desktop_core@1 to /home/dieguitodebian/.config/discord/0.0.121/modules/pending/discord_desktop_core-1.zip: 85%
1/25/2026, 1:52:25 PM GMT-5 [Modules] Streaming discord_desktop_core@1 to /home/dieguitodebian/.config/discord/0.0.121/modules/pending/discord_desktop_core-1.zip: 86%
1/25/2026, 1:52:25 PM GMT-5 [Modules] Streaming discord_desktop_core@1 to /home/dieguitodebian/.config/discord/0.0.121/modules/pending/discord_desktop_core-1.zip: 87%
1/25/2026, 1:52:25 PM GMT-5 [Modules] Streaming discord_desktop_core@1 to /home/dieguitodebian/.config/discord/0.0.121/modules/pending/discord_desktop_core-1.zip: 88%
1/25/2026, 1:52:25 PM GMT-5 [Modules] Streaming discord_desktop_core@1 to /home/dieguitodebian/.config/discord/0.0.121/modules/pending/discord_desktop_core-1.zip: 90%
1/25/2026, 1:52:25 PM GMT-5 [Modules] Streaming discord_desktop_core@1 to /home/dieguitodebian/.config/discord/0.0.121/modules/pending/discord_desktop_core-1.zip: 92%
1/25/2026, 1:52:25 PM GMT-5 [Modules] Streaming discord_desktop_core@1 to /home/dieguitodebian/.config/discord/0.0.121/modules/pending/discord_desktop_core-1.zip: 94%
1/25/2026, 1:52:25 PM GMT-5 [Modules] Streaming discord_desktop_core@1 to /home/dieguitodebian/.config/discord/0.0.121/modules/pending/discord_desktop_core-1.zip: 95%
1/25/2026, 1:52:25 PM GMT-5 [Modules] Streaming discord_desktop_core@1 to /home/dieguitodebian/.config/discord/0.0.121/modules/pending/discord_desktop_core-1.zip: 97%
1/25/2026, 1:52:25 PM GMT-5 [Modules] Streaming discord_desktop_core@1 to /home/dieguitodebian/.config/discord/0.0.121/modules/pending/discord_desktop_core-1.zip: 98%
1/25/2026, 1:52:25 PM GMT-5 [Modules] Streaming discord_desktop_core@1 to /home/dieguitodebian/.config/discord/0.0.121/modules/pending/discord_desktop_core-1.zip: 99%
1/25/2026, 1:52:25 PM GMT-5 [Modules] Streaming discord_desktop_core@1 to /home/dieguitodebian/.config/discord/0.0.121/modules/pending/discord_desktop_core-1.zip: 100%
1/25/2026, 1:52:25 PM GMT-5 [Modules] Fetching discord_erlpack@1 from https://discord.com/api/modules/stable/discord_erlpack/1
1/25/2026, 1:52:25 PM GMT-5 [Modules] Streaming discord_erlpack@1 to /home/dieguitodebian/.config/discord/0.0.121/modules/pending/discord_erlpack-1.zip
1/25/2026, 1:52:26 PM GMT-5 [Modules] Streaming discord_erlpack@1 to /home/dieguitodebian/.config/discord/0.0.121/modules/pending/discord_erlpack-1.zip: 4%
1/25/2026, 1:52:26 PM GMT-5 [Modules] Streaming discord_erlpack@1 to /home/dieguitodebian/.config/discord/0.0.121/modules/pending/discord_erlpack-1.zip: 5%
1/25/2026, 1:52:26 PM GMT-5 [Modules] Streaming discord_erlpack@1 to /home/dieguitodebian/.config/discord/0.0.121/modules/pending/discord_erlpack-1.zip: 6%
1/25/2026, 1:52:26 PM GMT-5 [Modules] Streaming discord_erlpack@1 to /home/dieguitodebian/.config/discord/0.0.121/modules/pending/discord_erlpack-1.zip: 9%
1/25/2026, 1:52:26 PM GMT-5 [Modules] Streaming discord_erlpack@1 to /home/dieguitodebian/.config/discord/0.0.121/modules/pending/discord_erlpack-1.zip: 14%
1/25/2026, 1:52:26 PM GMT-5 [Modules] Streaming discord_erlpack@1 to /home/dieguitodebian/.config/discord/0.0.121/modules/pending/discord_erlpack-1.zip: 16%
1/25/2026, 1:52:26 PM GMT-5 [Modules] Streaming discord_erlpack@1 to /home/dieguitodebian/.config/discord/0.0.121/modules/pending/discord_erlpack-1.zip: 17%
1/25/2026, 1:52:26 PM GMT-5 [Modules] Streaming discord_erlpack@1 to /home/dieguitodebian/.config/discord/0.0.121/modules/pending/discord_erlpack-1.zip: 18%
1/25/2026, 1:52:26 PM GMT-5 [Modules] Streaming discord_erlpack@1 to /home/dieguitodebian/.config/discord/0.0.121/modules/pending/discord_erlpack-1.zip: 20%
1/25/2026, 1:52:26 PM GMT-5 [Modules] Streaming discord_erlpack@1 to /home/dieguitodebian/.config/discord/0.0.121/modules/pending/discord_erlpack-1.zip: 22%
1/25/2026, 1:52:26 PM GMT-5 [Modules] Streaming discord_erlpack@1 to /home/dieguitodebian/.config/discord/0.0.121/modules/pending/discord_erlpack-1.zip: 24%
1/25/2026, 1:52:26 PM GMT-5 [Modules] Streaming discord_erlpack@1 to /home/dieguitodebian/.config/discord/0.0.121/modules/pending/discord_erlpack-1.zip: 26%
1/25/2026, 1:52:26 PM GMT-5 [Modules] Streaming discord_erlpack@1 to /home/dieguitodebian/.config/discord/0.0.121/modules/pending/discord_erlpack-1.zip: 27%
1/25/2026, 1:52:26 PM GMT-5 [Modules] Streaming discord_erlpack@1 to /home/dieguitodebian/.config/discord/0.0.121/modules/pending/discord_erlpack-1.zip: 29%
1/25/2026, 1:52:26 PM GMT-5 [Modules] Streaming discord_erlpack@1 to /home/dieguitodebian/.config/discord/0.0.121/modules/pending/discord_erlpack-1.zip: 30%
1/25/2026, 1:52:26 PM GMT-5 [Modules] Streaming discord_erlpack@1 to /home/dieguitodebian/.config/discord/0.0.121/modules/pending/discord_erlpack-1.zip: 32%
1/25/2026, 1:52:26 PM GMT-5 [Modules] Streaming discord_erlpack@1 to /home/dieguitodebian/.config/discord/0.0.121/modules/pending/discord_erlpack-1.zip: 33%
1/25/2026, 1:52:26 PM GMT-5 [Modules] Streaming discord_erlpack@1 to /home/dieguitodebian/.config/discord/0.0.121/modules/pending/discord_erlpack-1.zip: 35%
1/25/2026, 1:52:26 PM GMT-5 [Modules] Streaming discord_erlpack@1 to /home/dieguitodebian/.config/discord/0.0.121/modules/pending/discord_erlpack-1.zip: 39%
1/25/2026, 1:52:26 PM GMT-5 [Modules] Streaming discord_erlpack@1 to /home/dieguitodebian/.config/discord/0.0.121/modules/pending/discord_erlpack-1.zip: 42%
1/25/2026, 1:52:26 PM GMT-5 [Modules] Streaming discord_erlpack@1 to /home/dieguitodebian/.config/discord/0.0.121/modules/pending/discord_erlpack-1.zip: 46%
1/25/2026, 1:52:26 PM GMT-5 [Modules] Streaming discord_erlpack@1 to /home/dieguitodebian/.config/discord/0.0.121/modules/pending/discord_erlpack-1.zip: 50%
1/25/2026, 1:52:26 PM GMT-5 [Modules] Streaming discord_erlpack@1 to /home/dieguitodebian/.config/discord/0.0.121/modules/pending/discord_erlpack-1.zip: 56%
1/25/2026, 1:52:26 PM GMT-5 [Modules] Streaming discord_erlpack@1 to /home/dieguitodebian/.config/discord/0.0.121/modules/pending/discord_erlpack-1.zip: 74%
1/25/2026, 1:52:26 PM GMT-5 [Modules] Streaming discord_erlpack@1 to /home/dieguitodebian/.config/discord/0.0.121/modules/pending/discord_erlpack-1.zip: 75%
1/25/2026, 1:52:26 PM GMT-5 [Modules] Streaming discord_erlpack@1 to /home/dieguitodebian/.config/discord/0.0.121/modules/pending/discord_erlpack-1.zip: 77%
1/25/2026, 1:52:26 PM GMT-5 [Modules] Streaming discord_erlpack@1 to /home/dieguitodebian/.config/discord/0.0.121/modules/pending/discord_erlpack-1.zip: 80%
1/25/2026, 1:52:26 PM GMT-5 [Modules] Streaming discord_erlpack@1 to /home/dieguitodebian/.config/discord/0.0.121/modules/pending/discord_erlpack-1.zip: 81%
1/25/2026, 1:52:26 PM GMT-5 [Modules] Streaming discord_erlpack@1 to /home/dieguitodebian/.config/discord/0.0.121/modules/pending/discord_erlpack-1.zip: 88%
1/25/2026, 1:52:27 PM GMT-5 [Modules] Streaming discord_erlpack@1 to /home/dieguitodebian/.config/discord/0.0.121/modules/pending/discord_erlpack-1.zip: 89%
1/25/2026, 1:52:27 PM GMT-5 [Modules] Streaming discord_erlpack@1 to /home/dieguitodebian/.config/discord/0.0.121/modules/pending/discord_erlpack-1.zip: 94%
1/25/2026, 1:52:27 PM GMT-5 [Modules] Streaming discord_erlpack@1 to /home/dieguitodebian/.config/discord/0.0.121/modules/pending/discord_erlpack-1.zip: 98%
1/25/2026, 1:52:27 PM GMT-5 [Modules] Streaming discord_erlpack@1 to /home/dieguitodebian/.config/discord/0.0.121/modules/pending/discord_erlpack-1.zip: 100%
1/25/2026, 1:52:27 PM GMT-5 [Modules] Fetching discord_spellcheck@1 from https://discord.com/api/modules/stable/discord_spellcheck/1
1/25/2026, 1:52:27 PM GMT-5 [Modules] Streaming discord_spellcheck@1 to /home/dieguitodebian/.config/discord/0.0.121/modules/pending/discord_spellcheck-1.zip
1/25/2026, 1:52:27 PM GMT-5 [Modules] Streaming discord_spellcheck@1 to /home/dieguitodebian/.config/discord/0.0.121/modules/pending/discord_spellcheck-1.zip: 1%
1/25/2026, 1:52:27 PM GMT-5 [Modules] Streaming discord_spellcheck@1 to /home/dieguitodebian/.config/discord/0.0.121/modules/pending/discord_spellcheck-1.zip: 2%
1/25/2026, 1:52:27 PM GMT-5 [Modules] Streaming discord_spellcheck@1 to /home/dieguitodebian/.config/discord/0.0.121/modules/pending/discord_spellcheck-1.zip: 3%
1/25/2026, 1:52:27 PM GMT-5 [Modules] Streaming discord_spellcheck@1 to /home/dieguitodebian/.config/discord/0.0.121/modules/pending/discord_spellcheck-1.zip: 4%
1/25/2026, 1:52:27 PM GMT-5 [Modules] Streaming discord_spellcheck@1 to /home/dieguitodebian/.config/discord/0.0.121/modules/pending/discord_spellcheck-1.zip: 5%
1/25/2026, 1:52:27 PM GMT-5 [Modules] Streaming discord_spellcheck@1 to /home/dieguitodebian/.config/discord/0.0.121/modules/pending/discord_spellcheck-1.zip: 6%
1/25/2026, 1:52:27 PM GMT-5 [Modules] Streaming discord_spellcheck@1 to /home/dieguitodebian/.config/discord/0.0.121/modules/pending/discord_spellcheck-1.zip: 9%
1/25/2026, 1:52:27 PM GMT-5 [Modules] Streaming discord_spellcheck@1 to /home/dieguitodebian/.config/discord/0.0.121/modules/pending/discord_spellcheck-1.zip: 10%
1/25/2026, 1:52:27 PM GMT-5 [Modules] Streaming discord_spellcheck@1 to /home/dieguitodebian/.config/discord/0.0.121/modules/pending/discord_spellcheck-1.zip: 11%
1/25/2026, 1:52:27 PM GMT-5 [Modules] Streaming discord_spellcheck@1 to /home/dieguitodebian/.config/discord/0.0.121/modules/pending/discord_spellcheck-1.zip: 12%
1/25/2026, 1:52:27 PM GMT-5 [Modules] Streaming discord_spellcheck@1 to /home/dieguitodebian/.config/discord/0.0.121/modules/pending/discord_spellcheck-1.zip: 13%
1/25/2026, 1:52:27 PM GMT-5 [Modules] Streaming discord_spellcheck@1 to /home/dieguitodebian/.config/discord/0.0.121/modules/pending/discord_spellcheck-1.zip: 14%
1/25/2026, 1:52:27 PM GMT-5 [Modules] Streaming discord_spellcheck@1 to /home/dieguitodebian/.config/discord/0.0.121/modules/pending/discord_spellcheck-1.zip: 15%
1/25/2026, 1:52:27 PM GMT-5 [Modules] Streaming discord_spellcheck@1 to /home/dieguitodebian/.config/discord/0.0.121/modules/pending/discord_spellcheck-1.zip: 16%
1/25/2026, 1:52:27 PM GMT-5 [Modules] Streaming discord_spellcheck@1 to /home/dieguitodebian/.config/discord/0.0.121/modules/pending/discord_spellcheck-1.zip: 17%
1/25/2026, 1:52:27 PM GMT-5 [Modules] Streaming discord_spellcheck@1 to /home/dieguitodebian/.config/discord/0.0.121/modules/pending/discord_spellcheck-1.zip: 18%
1/25/2026, 1:52:27 PM GMT-5 [Modules] Streaming discord_spellcheck@1 to /home/dieguitodebian/.config/discord/0.0.121/modules/pending/discord_spellcheck-1.zip: 19%
1/25/2026, 1:52:27 PM GMT-5 [Modules] Streaming discord_spellcheck@1 to /home/dieguitodebian/.config/discord/0.0.121/modules/pending/discord_spellcheck-1.zip: 20%
1/25/2026, 1:52:27 PM GMT-5 [Modules] Streaming discord_spellcheck@1 to /home/dieguitodebian/.config/discord/0.0.121/modules/pending/discord_spellcheck-1.zip: 21%
1/25/2026, 1:52:27 PM GMT-5 [Modules] Streaming discord_spellcheck@1 to /home/dieguitodebian/.config/discord/0.0.121/modules/pending/discord_spellcheck-1.zip: 22%
1/25/2026, 1:52:27 PM GMT-5 [Modules] Streaming discord_spellcheck@1 to /home/dieguitodebian/.config/discord/0.0.121/modules/pending/discord_spellcheck-1.zip: 23%
1/25/2026, 1:52:27 PM GMT-5 [Modules] Streaming discord_spellcheck@1 to /home/dieguitodebian/.config/discord/0.0.121/modules/pending/discord_spellcheck-1.zip: 24%
1/25/2026, 1:52:27 PM GMT-5 [Modules] Streaming discord_spellcheck@1 to /home/dieguitodebian/.config/discord/0.0.121/modules/pending/discord_spellcheck-1.zip: 25%
1/25/2026, 1:52:27 PM GMT-5 [Modules] Streaming discord_spellcheck@1 to /home/dieguitodebian/.config/discord/0.0.121/modules/pending/discord_spellcheck-1.zip: 27%
1/25/2026, 1:52:27 PM GMT-5 [Modules] Streaming discord_spellcheck@1 to /home/dieguitodebian/.config/discord/0.0.121/modules/pending/discord_spellcheck-1.zip: 28%
1/25/2026, 1:52:27 PM GMT-5 [Modules] Streaming discord_spellcheck@1 to /home/dieguitodebian/.config/discord/0.0.121/modules/pending/discord_spellcheck-1.zip: 29%
1/25/2026, 1:52:27 PM GMT-5 [Modules] Streaming discord_spellcheck@1 to /home/dieguitodebian/.config/discord/0.0.121/modules/pending/discord_spellcheck-1.zip: 31%
1/25/2026, 1:52:27 PM GMT-5 [Modules] Streaming discord_spellcheck@1 to /home/dieguitodebian/.config/discord/0.0.121/modules/pending/discord_spellcheck-1.zip: 32%
1/25/2026, 1:52:27 PM GMT-5 [Modules] Streaming discord_spellcheck@1 to /home/dieguitodebian/.config/discord/0.0.121/modules/pending/discord_spellcheck-1.zip: 33%
1/25/2026, 1:52:27 PM GMT-5 [Modules] Streaming discord_spellcheck@1 to /home/dieguitodebian/.config/discord/0.0.121/modules/pending/discord_spellcheck-1.zip: 35%
1/25/2026, 1:52:27 PM GMT-5 [Modules] Streaming discord_spellcheck@1 to /home/dieguitodebian/.config/discord/0.0.121/modules/pending/discord_spellcheck-1.zip: 36%
1/25/2026, 1:52:27 PM GMT-5 [Modules] Streaming discord_spellcheck@1 to /home/dieguitodebian/.config/discord/0.0.121/modules/pending/discord_spellcheck-1.zip: 40%
1/25/2026, 1:52:27 PM GMT-5 [Modules] Streaming discord_spellcheck@1 to /home/dieguitodebian/.config/discord/0.0.121/modules/pending/discord_spellcheck-1.zip: 41%
1/25/2026, 1:52:27 PM GMT-5 [Modules] Streaming discord_spellcheck@1 to /home/dieguitodebian/.config/discord/0.0.121/modules/pending/discord_spellcheck-1.zip: 42%
1/25/2026, 1:52:27 PM GMT-5 [Modules] Streaming discord_spellcheck@1 to /home/dieguitodebian/.config/discord/0.0.121/modules/pending/discord_spellcheck-1.zip: 43%
1/25/2026, 1:52:27 PM GMT-5 [Modules] Streaming discord_spellcheck@1 to /home/dieguitodebian/.config/discord/0.0.121/modules/pending/discord_spellcheck-1.zip: 45%
1/25/2026, 1:52:27 PM GMT-5 [Modules] Streaming discord_spellcheck@1 to /home/dieguitodebian/.config/discord/0.0.121/modules/pending/discord_spellcheck-1.zip: 46%
1/25/2026, 1:52:27 PM GMT-5 [Modules] Streaming discord_spellcheck@1 to /home/dieguitodebian/.config/discord/0.0.121/modules/pending/discord_spellcheck-1.zip: 47%
1/25/2026, 1:52:27 PM GMT-5 [Modules] Streaming discord_spellcheck@1 to /home/dieguitodebian/.config/discord/0.0.121/modules/pending/discord_spellcheck-1.zip: 48%
1/25/2026, 1:52:27 PM GMT-5 [Modules] Streaming discord_spellcheck@1 to /home/dieguitodebian/.config/discord/0.0.121/modules/pending/discord_spellcheck-1.zip: 49%
1/25/2026, 1:52:27 PM GMT-5 [Modules] Streaming discord_spellcheck@1 to /home/dieguitodebian/.config/discord/0.0.121/modules/pending/discord_spellcheck-1.zip: 51%
1/25/2026, 1:52:27 PM GMT-5 [Modules] Streaming discord_spellcheck@1 to /home/dieguitodebian/.config/discord/0.0.121/modules/pending/discord_spellcheck-1.zip: 52%
1/25/2026, 1:52:27 PM GMT-5 [Modules] Streaming discord_spellcheck@1 to /home/dieguitodebian/.config/discord/0.0.121/modules/pending/discord_spellcheck-1.zip: 53%
1/25/2026, 1:52:27 PM GMT-5 [Modules] Streaming discord_spellcheck@1 to /home/dieguitodebian/.config/discord/0.0.121/modules/pending/discord_spellcheck-1.zip: 54%
1/25/2026, 1:52:27 PM GMT-5 [Modules] Streaming discord_spellcheck@1 to /home/dieguitodebian/.config/discord/0.0.121/modules/pending/discord_spellcheck-1.zip: 55%
1/25/2026, 1:52:27 PM GMT-5 [Modules] Streaming discord_spellcheck@1 to /home/dieguitodebian/.config/discord/0.0.121/modules/pending/discord_spellcheck-1.zip: 56%
1/25/2026, 1:52:27 PM GMT-5 [Modules] Streaming discord_spellcheck@1 to /home/dieguitodebian/.config/discord/0.0.121/modules/pending/discord_spellcheck-1.zip: 60%
1/25/2026, 1:52:27 PM GMT-5 [Modules] Streaming discord_spellcheck@1 to /home/dieguitodebian/.config/discord/0.0.121/modules/pending/discord_spellcheck-1.zip: 61%
1/25/2026, 1:52:27 PM GMT-5 [Modules] Streaming discord_spellcheck@1 to /home/dieguitodebian/.config/discord/0.0.121/modules/pending/discord_spellcheck-1.zip: 62%
1/25/2026, 1:52:27 PM GMT-5 [Modules] Streaming discord_spellcheck@1 to /home/dieguitodebian/.config/discord/0.0.121/modules/pending/discord_spellcheck-1.zip: 63%
1/25/2026, 1:52:27 PM GMT-5 [Modules] Streaming discord_spellcheck@1 to /home/dieguitodebian/.config/discord/0.0.121/modules/pending/discord_spellcheck-1.zip: 64%
1/25/2026, 1:52:27 PM GMT-5 [Modules] Streaming discord_spellcheck@1 to /home/dieguitodebian/.config/discord/0.0.121/modules/pending/discord_spellcheck-1.zip: 65%
1/25/2026, 1:52:27 PM GMT-5 [Modules] Streaming discord_spellcheck@1 to /home/dieguitodebian/.config/discord/0.0.121/modules/pending/discord_spellcheck-1.zip: 66%
1/25/2026, 1:52:27 PM GMT-5 [Modules] Streaming discord_spellcheck@1 to /home/dieguitodebian/.config/discord/0.0.121/modules/pending/discord_spellcheck-1.zip: 67%
1/25/2026, 1:52:27 PM GMT-5 [Modules] Streaming discord_spellcheck@1 to /home/dieguitodebian/.config/discord/0.0.121/modules/pending/discord_spellcheck-1.zip: 68%
1/25/2026, 1:52:27 PM GMT-5 [Modules] Streaming discord_spellcheck@1 to /home/dieguitodebian/.config/discord/0.0.121/modules/pending/discord_spellcheck-1.zip: 71%
1/25/2026, 1:52:28 PM GMT-5 [Modules] Streaming discord_spellcheck@1 to /home/dieguitodebian/.config/discord/0.0.121/modules/pending/discord_spellcheck-1.zip: 72%
1/25/2026, 1:52:28 PM GMT-5 [Modules] Streaming discord_spellcheck@1 to /home/dieguitodebian/.config/discord/0.0.121/modules/pending/discord_spellcheck-1.zip: 73%
1/25/2026, 1:52:28 PM GMT-5 [Modules] Streaming discord_spellcheck@1 to /home/dieguitodebian/.config/discord/0.0.121/modules/pending/discord_spellcheck-1.zip: 74%
1/25/2026, 1:52:28 PM GMT-5 [Modules] Streaming discord_spellcheck@1 to /home/dieguitodebian/.config/discord/0.0.121/modules/pending/discord_spellcheck-1.zip: 75%
1/25/2026, 1:52:28 PM GMT-5 [Modules] Streaming discord_spellcheck@1 to /home/dieguitodebian/.config/discord/0.0.121/modules/pending/discord_spellcheck-1.zip: 76%
1/25/2026, 1:52:28 PM GMT-5 [Modules] Streaming discord_spellcheck@1 to /home/dieguitodebian/.config/discord/0.0.121/modules/pending/discord_spellcheck-1.zip: 77%
1/25/2026, 1:52:28 PM GMT-5 [Modules] Streaming discord_spellcheck@1 to /home/dieguitodebian/.config/discord/0.0.121/modules/pending/discord_spellcheck-1.zip: 78%
1/25/2026, 1:52:28 PM GMT-5 [Modules] Streaming discord_spellcheck@1 to /home/dieguitodebian/.config/discord/0.0.121/modules/pending/discord_spellcheck-1.zip: 80%
1/25/2026, 1:52:28 PM GMT-5 [Modules] Streaming discord_spellcheck@1 to /home/dieguitodebian/.config/discord/0.0.121/modules/pending/discord_spellcheck-1.zip: 81%
1/25/2026, 1:52:28 PM GMT-5 [Modules] Streaming discord_spellcheck@1 to /home/dieguitodebian/.config/discord/0.0.121/modules/pending/discord_spellcheck-1.zip: 82%
1/25/2026, 1:52:28 PM GMT-5 [Modules] Streaming discord_spellcheck@1 to /home/dieguitodebian/.config/discord/0.0.121/modules/pending/discord_spellcheck-1.zip: 83%
1/25/2026, 1:52:28 PM GMT-5 [Modules] Streaming discord_spellcheck@1 to /home/dieguitodebian/.config/discord/0.0.121/modules/pending/discord_spellcheck-1.zip: 84%
1/25/2026, 1:52:28 PM GMT-5 [Modules] Streaming discord_spellcheck@1 to /home/dieguitodebian/.config/discord/0.0.121/modules/pending/discord_spellcheck-1.zip: 85%
1/25/2026, 1:52:28 PM GMT-5 [Modules] Streaming discord_spellcheck@1 to /home/dieguitodebian/.config/discord/0.0.121/modules/pending/discord_spellcheck-1.zip: 86%
1/25/2026, 1:52:28 PM GMT-5 [Modules] Streaming discord_spellcheck@1 to /home/dieguitodebian/.config/discord/0.0.121/modules/pending/discord_spellcheck-1.zip: 87%
1/25/2026, 1:52:28 PM GMT-5 [Modules] Streaming discord_spellcheck@1 to /home/dieguitodebian/.config/discord/0.0.121/modules/pending/discord_spellcheck-1.zip: 89%
1/25/2026, 1:52:28 PM GMT-5 [Modules] Streaming discord_spellcheck@1 to /home/dieguitodebian/.config/discord/0.0.121/modules/pending/discord_spellcheck-1.zip: 90%
1/25/2026, 1:52:28 PM GMT-5 [Modules] Streaming discord_spellcheck@1 to /home/dieguitodebian/.config/discord/0.0.121/modules/pending/discord_spellcheck-1.zip: 91%
1/25/2026, 1:52:28 PM GMT-5 [Modules] Streaming discord_spellcheck@1 to /home/dieguitodebian/.config/discord/0.0.121/modules/pending/discord_spellcheck-1.zip: 92%
1/25/2026, 1:52:28 PM GMT-5 [Modules] Streaming discord_spellcheck@1 to /home/dieguitodebian/.config/discord/0.0.121/modules/pending/discord_spellcheck-1.zip: 93%
1/25/2026, 1:52:28 PM GMT-5 [Modules] Streaming discord_spellcheck@1 to /home/dieguitodebian/.config/discord/0.0.121/modules/pending/discord_spellcheck-1.zip: 94%
1/25/2026, 1:52:28 PM GMT-5 [Modules] Streaming discord_spellcheck@1 to /home/dieguitodebian/.config/discord/0.0.121/modules/pending/discord_spellcheck-1.zip: 95%
1/25/2026, 1:52:28 PM GMT-5 [Modules] Streaming discord_spellcheck@1 to /home/dieguitodebian/.config/discord/0.0.121/modules/pending/discord_spellcheck-1.zip: 96%
1/25/2026, 1:52:28 PM GMT-5 [Modules] Streaming discord_spellcheck@1 to /home/dieguitodebian/.config/discord/0.0.121/modules/pending/discord_spellcheck-1.zip: 97%
1/25/2026, 1:52:28 PM GMT-5 [Modules] Streaming discord_spellcheck@1 to /home/dieguitodebian/.config/discord/0.0.121/modules/pending/discord_spellcheck-1.zip: 98%
1/25/2026, 1:52:28 PM GMT-5 [Modules] Streaming discord_spellcheck@1 to /home/dieguitodebian/.config/discord/0.0.121/modules/pending/discord_spellcheck-1.zip: 99%
1/25/2026, 1:52:28 PM GMT-5 [Modules] Streaming discord_spellcheck@1 to /home/dieguitodebian/.config/discord/0.0.121/modules/pending/discord_spellcheck-1.zip: 100%
1/25/2026, 1:52:28 PM GMT-5 [Modules] Fetching discord_utils@1 from https://discord.com/api/modules/stable/discord_utils/1
1/25/2026, 1:52:28 PM GMT-5 [Modules] Streaming discord_utils@1 to /home/dieguitodebian/.config/discord/0.0.121/modules/pending/discord_utils-1.zip
1/25/2026, 1:52:28 PM GMT-5 [Modules] Streaming discord_utils@1 to /home/dieguitodebian/.config/discord/0.0.121/modules/pending/discord_utils-1.zip: 2%
1/25/2026, 1:52:28 PM GMT-5 [Modules] Streaming discord_utils@1 to /home/dieguitodebian/.config/discord/0.0.121/modules/pending/discord_utils-1.zip: 3%
1/25/2026, 1:52:28 PM GMT-5 [Modules] Streaming discord_utils@1 to /home/dieguitodebian/.config/discord/0.0.121/modules/pending/discord_utils-1.zip: 4%
1/25/2026, 1:52:28 PM GMT-5 [Modules] Streaming discord_utils@1 to /home/dieguitodebian/.config/discord/0.0.121/modules/pending/discord_utils-1.zip: 5%
1/25/2026, 1:52:28 PM GMT-5 [Modules] Streaming discord_utils@1 to /home/dieguitodebian/.config/discord/0.0.121/modules/pending/discord_utils-1.zip: 6%
1/25/2026, 1:52:28 PM GMT-5 [Modules] Streaming discord_utils@1 to /home/dieguitodebian/.config/discord/0.0.121/modules/pending/discord_utils-1.zip: 7%
1/25/2026, 1:52:28 PM GMT-5 [Modules] Streaming discord_utils@1 to /home/dieguitodebian/.config/discord/0.0.121/modules/pending/discord_utils-1.zip: 9%
1/25/2026, 1:52:28 PM GMT-5 [Modules] Streaming discord_utils@1 to /home/dieguitodebian/.config/discord/0.0.121/modules/pending/discord_utils-1.zip: 11%
1/25/2026, 1:52:28 PM GMT-5 [Modules] Streaming discord_utils@1 to /home/dieguitodebian/.config/discord/0.0.121/modules/pending/discord_utils-1.zip: 12%
1/25/2026, 1:52:28 PM GMT-5 [Modules] Streaming discord_utils@1 to /home/dieguitodebian/.config/discord/0.0.121/modules/pending/discord_utils-1.zip: 13%
1/25/2026, 1:52:28 PM GMT-5 [Modules] Streaming discord_utils@1 to /home/dieguitodebian/.config/discord/0.0.121/modules/pending/discord_utils-1.zip: 14%
1/25/2026, 1:52:28 PM GMT-5 [Modules] Streaming discord_utils@1 to /home/dieguitodebian/.config/discord/0.0.121/modules/pending/discord_utils-1.zip: 17%
1/25/2026, 1:52:28 PM GMT-5 [Modules] Streaming discord_utils@1 to /home/dieguitodebian/.config/discord/0.0.121/modules/pending/discord_utils-1.zip: 20%
1/25/2026, 1:52:28 PM GMT-5 [Modules] Streaming discord_utils@1 to /home/dieguitodebian/.config/discord/0.0.121/modules/pending/discord_utils-1.zip: 23%
1/25/2026, 1:52:28 PM GMT-5 [Modules] Streaming discord_utils@1 to /home/dieguitodebian/.config/discord/0.0.121/modules/pending/discord_utils-1.zip: 24%
1/25/2026, 1:52:28 PM GMT-5 [Modules] Streaming discord_utils@1 to /home/dieguitodebian/.config/discord/0.0.121/modules/pending/discord_utils-1.zip: 25%
1/25/2026, 1:52:28 PM GMT-5 [Modules] Streaming discord_utils@1 to /home/dieguitodebian/.config/discord/0.0.121/modules/pending/discord_utils-1.zip: 28%
1/25/2026, 1:52:28 PM GMT-5 [Modules] Streaming discord_utils@1 to /home/dieguitodebian/.config/discord/0.0.121/modules/pending/discord_utils-1.zip: 29%
1/25/2026, 1:52:28 PM GMT-5 [Modules] Streaming discord_utils@1 to /home/dieguitodebian/.config/discord/0.0.121/modules/pending/discord_utils-1.zip: 31%
1/25/2026, 1:52:28 PM GMT-5 [Modules] Streaming discord_utils@1 to /home/dieguitodebian/.config/discord/0.0.121/modules/pending/discord_utils-1.zip: 32%
1/25/2026, 1:52:28 PM GMT-5 [Modules] Streaming discord_utils@1 to /home/dieguitodebian/.config/discord/0.0.121/modules/pending/discord_utils-1.zip: 33%
1/25/2026, 1:52:28 PM GMT-5 [Modules] Streaming discord_utils@1 to /home/dieguitodebian/.config/discord/0.0.121/modules/pending/discord_utils-1.zip: 34%
1/25/2026, 1:52:28 PM GMT-5 [Modules] Streaming discord_utils@1 to /home/dieguitodebian/.config/discord/0.0.121/modules/pending/discord_utils-1.zip: 36%
1/25/2026, 1:52:28 PM GMT-5 [Modules] Streaming discord_utils@1 to /home/dieguitodebian/.config/discord/0.0.121/modules/pending/discord_utils-1.zip: 41%
1/25/2026, 1:52:28 PM GMT-5 [Modules] Streaming discord_utils@1 to /home/dieguitodebian/.config/discord/0.0.121/modules/pending/discord_utils-1.zip: 46%
1/25/2026, 1:52:28 PM GMT-5 [Modules] Streaming discord_utils@1 to /home/dieguitodebian/.config/discord/0.0.121/modules/pending/discord_utils-1.zip: 47%
1/25/2026, 1:52:28 PM GMT-5 [Modules] Streaming discord_utils@1 to /home/dieguitodebian/.config/discord/0.0.121/modules/pending/discord_utils-1.zip: 49%
1/25/2026, 1:52:28 PM GMT-5 [Modules] Streaming discord_utils@1 to /home/dieguitodebian/.config/discord/0.0.121/modules/pending/discord_utils-1.zip: 52%
1/25/2026, 1:52:28 PM GMT-5 [Modules] Streaming discord_utils@1 to /home/dieguitodebian/.config/discord/0.0.121/modules/pending/discord_utils-1.zip: 53%
1/25/2026, 1:52:28 PM GMT-5 [Modules] Streaming discord_utils@1 to /home/dieguitodebian/.config/discord/0.0.121/modules/pending/discord_utils-1.zip: 55%
1/25/2026, 1:52:28 PM GMT-5 [Modules] Streaming discord_utils@1 to /home/dieguitodebian/.config/discord/0.0.121/modules/pending/discord_utils-1.zip: 59%
1/25/2026, 1:52:28 PM GMT-5 [Modules] Streaming discord_utils@1 to /home/dieguitodebian/.config/discord/0.0.121/modules/pending/discord_utils-1.zip: 60%
1/25/2026, 1:52:28 PM GMT-5 [Modules] Streaming discord_utils@1 to /home/dieguitodebian/.config/discord/0.0.121/modules/pending/discord_utils-1.zip: 62%
1/25/2026, 1:52:28 PM GMT-5 [Modules] Streaming discord_utils@1 to /home/dieguitodebian/.config/discord/0.0.121/modules/pending/discord_utils-1.zip: 63%
1/25/2026, 1:52:28 PM GMT-5 [Modules] Streaming discord_utils@1 to /home/dieguitodebian/.config/discord/0.0.121/modules/pending/discord_utils-1.zip: 64%
1/25/2026, 1:52:28 PM GMT-5 [Modules] Streaming discord_utils@1 to /home/dieguitodebian/.config/discord/0.0.121/modules/pending/discord_utils-1.zip: 82%
1/25/2026, 1:52:28 PM GMT-5 [Modules] Streaming discord_utils@1 to /home/dieguitodebian/.config/discord/0.0.121/modules/pending/discord_utils-1.zip: 100%
1/25/2026, 1:52:28 PM GMT-5 [Modules] Fetching discord_voice@1 from https://discord.com/api/modules/stable/discord_voice/1
1/25/2026, 1:52:28 PM GMT-5 [Modules] Streaming discord_voice@1 to /home/dieguitodebian/.config/discord/0.0.121/modules/pending/discord_voice-1.zip
1/25/2026, 1:52:29 PM GMT-5 [Modules] Streaming discord_voice@1 to /home/dieguitodebian/.config/discord/0.0.121/modules/pending/discord_voice-1.zip: 1%
1/25/2026, 1:52:29 PM GMT-5 [Modules] Streaming discord_voice@1 to /home/dieguitodebian/.config/discord/0.0.121/modules/pending/discord_voice-1.zip: 2%
1/25/2026, 1:52:29 PM GMT-5 [Modules] Streaming discord_voice@1 to /home/dieguitodebian/.config/discord/0.0.121/modules/pending/discord_voice-1.zip: 3%
1/25/2026, 1:52:29 PM GMT-5 [Modules] Streaming discord_voice@1 to /home/dieguitodebian/.config/discord/0.0.121/modules/pending/discord_voice-1.zip: 4%
1/25/2026, 1:52:29 PM GMT-5 [Modules] Streaming discord_voice@1 to /home/dieguitodebian/.config/discord/0.0.121/modules/pending/discord_voice-1.zip: 5%
1/25/2026, 1:52:29 PM GMT-5 [Modules] Streaming discord_voice@1 to /home/dieguitodebian/.config/discord/0.0.121/modules/pending/discord_voice-1.zip: 6%
1/25/2026, 1:52:29 PM GMT-5 [Modules] Streaming discord_voice@1 to /home/dieguitodebian/.config/discord/0.0.121/modules/pending/discord_voice-1.zip: 7%
1/25/2026, 1:52:29 PM GMT-5 [Modules] Streaming discord_voice@1 to /home/dieguitodebian/.config/discord/0.0.121/modules/pending/discord_voice-1.zip: 8%
1/25/2026, 1:52:29 PM GMT-5 [Modules] Streaming discord_voice@1 to /home/dieguitodebian/.config/discord/0.0.121/modules/pending/discord_voice-1.zip: 9%
1/25/2026, 1:52:29 PM GMT-5 [Modules] Streaming discord_voice@1 to /home/dieguitodebian/.config/discord/0.0.121/modules/pending/discord_voice-1.zip: 10%
1/25/2026, 1:52:29 PM GMT-5 [Modules] Streaming discord_voice@1 to /home/dieguitodebian/.config/discord/0.0.121/modules/pending/discord_voice-1.zip: 11%
1/25/2026, 1:52:29 PM GMT-5 [Modules] Streaming discord_voice@1 to /home/dieguitodebian/.config/discord/0.0.121/modules/pending/discord_voice-1.zip: 12%
1/25/2026, 1:52:29 PM GMT-5 [Modules] Streaming discord_voice@1 to /home/dieguitodebian/.config/discord/0.0.121/modules/pending/discord_voice-1.zip: 13%
1/25/2026, 1:52:29 PM GMT-5 [Modules] Streaming discord_voice@1 to /home/dieguitodebian/.config/discord/0.0.121/modules/pending/discord_voice-1.zip: 14%
1/25/2026, 1:52:29 PM GMT-5 [Modules] Streaming discord_voice@1 to /home/dieguitodebian/.config/discord/0.0.121/modules/pending/discord_voice-1.zip: 15%
1/25/2026, 1:52:29 PM GMT-5 [Modules] Streaming discord_voice@1 to /home/dieguitodebian/.config/discord/0.0.121/modules/pending/discord_voice-1.zip: 16%
1/25/2026, 1:52:29 PM GMT-5 [Modules] Streaming discord_voice@1 to /home/dieguitodebian/.config/discord/0.0.121/modules/pending/discord_voice-1.zip: 17%
1/25/2026, 1:52:29 PM GMT-5 [Modules] Streaming discord_voice@1 to /home/dieguitodebian/.config/discord/0.0.121/modules/pending/discord_voice-1.zip: 18%
1/25/2026, 1:52:29 PM GMT-5 [Modules] Streaming discord_voice@1 to /home/dieguitodebian/.config/discord/0.0.121/modules/pending/discord_voice-1.zip: 19%
1/25/2026, 1:52:29 PM GMT-5 [Modules] Streaming discord_voice@1 to /home/dieguitodebian/.config/discord/0.0.121/modules/pending/discord_voice-1.zip: 20%
1/25/2026, 1:52:29 PM GMT-5 [Modules] Streaming discord_voice@1 to /home/dieguitodebian/.config/discord/0.0.121/modules/pending/discord_voice-1.zip: 21%
1/25/2026, 1:52:29 PM GMT-5 [Modules] Streaming discord_voice@1 to /home/dieguitodebian/.config/discord/0.0.121/modules/pending/discord_voice-1.zip: 22%
1/25/2026, 1:52:29 PM GMT-5 [Modules] Streaming discord_voice@1 to /home/dieguitodebian/.config/discord/0.0.121/modules/pending/discord_voice-1.zip: 23%
1/25/2026, 1:52:29 PM GMT-5 [Modules] Streaming discord_voice@1 to /home/dieguitodebian/.config/discord/0.0.121/modules/pending/discord_voice-1.zip: 24%
1/25/2026, 1:52:29 PM GMT-5 [Modules] Streaming discord_voice@1 to /home/dieguitodebian/.config/discord/0.0.121/modules/pending/discord_voice-1.zip: 25%
1/25/2026, 1:52:29 PM GMT-5 [Modules] Streaming discord_voice@1 to /home/dieguitodebian/.config/discord/0.0.121/modules/pending/discord_voice-1.zip: 26%
1/25/2026, 1:52:29 PM GMT-5 [Modules] Streaming discord_voice@1 to /home/dieguitodebian/.config/discord/0.0.121/modules/pending/discord_voice-1.zip: 27%
1/25/2026, 1:52:29 PM GMT-5 [Modules] Streaming discord_voice@1 to /home/dieguitodebian/.config/discord/0.0.121/modules/pending/discord_voice-1.zip: 28%
1/25/2026, 1:52:29 PM GMT-5 [Modules] Streaming discord_voice@1 to /home/dieguitodebian/.config/discord/0.0.121/modules/pending/discord_voice-1.zip: 29%
1/25/2026, 1:52:29 PM GMT-5 [Modules] Streaming discord_voice@1 to /home/dieguitodebian/.config/discord/0.0.121/modules/pending/discord_voice-1.zip: 30%
1/25/2026, 1:52:29 PM GMT-5 [Modules] Streaming discord_voice@1 to /home/dieguitodebian/.config/discord/0.0.121/modules/pending/discord_voice-1.zip: 31%
1/25/2026, 1:52:29 PM GMT-5 [Modules] Streaming discord_voice@1 to /home/dieguitodebian/.config/discord/0.0.121/modules/pending/discord_voice-1.zip: 33%
1/25/2026, 1:52:29 PM GMT-5 [Modules] Streaming discord_voice@1 to /home/dieguitodebian/.config/discord/0.0.121/modules/pending/discord_voice-1.zip: 34%
1/25/2026, 1:52:29 PM GMT-5 [Modules] Streaming discord_voice@1 to /home/dieguitodebian/.config/discord/0.0.121/modules/pending/discord_voice-1.zip: 35%
1/25/2026, 1:52:29 PM GMT-5 [Modules] Streaming discord_voice@1 to /home/dieguitodebian/.config/discord/0.0.121/modules/pending/discord_voice-1.zip: 36%
1/25/2026, 1:52:29 PM GMT-5 [Modules] Streaming discord_voice@1 to /home/dieguitodebian/.config/discord/0.0.121/modules/pending/discord_voice-1.zip: 37%
1/25/2026, 1:52:29 PM GMT-5 [Modules] Streaming discord_voice@1 to /home/dieguitodebian/.config/discord/0.0.121/modules/pending/discord_voice-1.zip: 38%
1/25/2026, 1:52:29 PM GMT-5 [Modules] Streaming discord_voice@1 to /home/dieguitodebian/.config/discord/0.0.121/modules/pending/discord_voice-1.zip: 39%
1/25/2026, 1:52:29 PM GMT-5 [Modules] Streaming discord_voice@1 to /home/dieguitodebian/.config/discord/0.0.121/modules/pending/discord_voice-1.zip: 40%
1/25/2026, 1:52:29 PM GMT-5 [Modules] Streaming discord_voice@1 to /home/dieguitodebian/.config/discord/0.0.121/modules/pending/discord_voice-1.zip: 41%
1/25/2026, 1:52:29 PM GMT-5 [Modules] Streaming discord_voice@1 to /home/dieguitodebian/.config/discord/0.0.121/modules/pending/discord_voice-1.zip: 42%
1/25/2026, 1:52:29 PM GMT-5 [Modules] Streaming discord_voice@1 to /home/dieguitodebian/.config/discord/0.0.121/modules/pending/discord_voice-1.zip: 43%
1/25/2026, 1:52:29 PM GMT-5 [Modules] Streaming discord_voice@1 to /home/dieguitodebian/.config/discord/0.0.121/modules/pending/discord_voice-1.zip: 44%
1/25/2026, 1:52:29 PM GMT-5 [Modules] Streaming discord_voice@1 to /home/dieguitodebian/.config/discord/0.0.121/modules/pending/discord_voice-1.zip: 45%
1/25/2026, 1:52:29 PM GMT-5 [Modules] Streaming discord_voice@1 to /home/dieguitodebian/.config/discord/0.0.121/modules/pending/discord_voice-1.zip: 46%
1/25/2026, 1:52:29 PM GMT-5 [Modules] Streaming discord_voice@1 to /home/dieguitodebian/.config/discord/0.0.121/modules/pending/discord_voice-1.zip: 47%
1/25/2026, 1:52:30 PM GMT-5 [Modules] Streaming discord_voice@1 to /home/dieguitodebian/.config/discord/0.0.121/modules/pending/discord_voice-1.zip: 48%
1/25/2026, 1:52:30 PM GMT-5 [Modules] Streaming discord_voice@1 to /home/dieguitodebian/.config/discord/0.0.121/modules/pending/discord_voice-1.zip: 49%
1/25/2026, 1:52:30 PM GMT-5 [Modules] Streaming discord_voice@1 to /home/dieguitodebian/.config/discord/0.0.121/modules/pending/discord_voice-1.zip: 50%
1/25/2026, 1:52:30 PM GMT-5 [Modules] Streaming discord_voice@1 to /home/dieguitodebian/.config/discord/0.0.121/modules/pending/discord_voice-1.zip: 51%
1/25/2026, 1:52:30 PM GMT-5 [Modules] Streaming discord_voice@1 to /home/dieguitodebian/.config/discord/0.0.121/modules/pending/discord_voice-1.zip: 52%
1/25/2026, 1:52:30 PM GMT-5 [Modules] Streaming discord_voice@1 to /home/dieguitodebian/.config/discord/0.0.121/modules/pending/discord_voice-1.zip: 53%
1/25/2026, 1:52:30 PM GMT-5 [Modules] Streaming discord_voice@1 to /home/dieguitodebian/.config/discord/0.0.121/modules/pending/discord_voice-1.zip: 54%
1/25/2026, 1:52:30 PM GMT-5 [Modules] Streaming discord_voice@1 to /home/dieguitodebian/.config/discord/0.0.121/modules/pending/discord_voice-1.zip: 55%
1/25/2026, 1:52:30 PM GMT-5 [Modules] Streaming discord_voice@1 to /home/dieguitodebian/.config/discord/0.0.121/modules/pending/discord_voice-1.zip: 56%
1/25/2026, 1:52:30 PM GMT-5 [Modules] Streaming discord_voice@1 to /home/dieguitodebian/.config/discord/0.0.121/modules/pending/discord_voice-1.zip: 57%
1/25/2026, 1:52:30 PM GMT-5 [Modules] Streaming discord_voice@1 to /home/dieguitodebian/.config/discord/0.0.121/modules/pending/discord_voice-1.zip: 58%
1/25/2026, 1:52:30 PM GMT-5 [Modules] Streaming discord_voice@1 to /home/dieguitodebian/.config/discord/0.0.121/modules/pending/discord_voice-1.zip: 59%
1/25/2026, 1:52:30 PM GMT-5 [Modules] Streaming discord_voice@1 to /home/dieguitodebian/.config/discord/0.0.121/modules/pending/discord_voice-1.zip: 62%
1/25/2026, 1:52:30 PM GMT-5 [Modules] Streaming discord_voice@1 to /home/dieguitodebian/.config/discord/0.0.121/modules/pending/discord_voice-1.zip: 63%
1/25/2026, 1:52:30 PM GMT-5 [Modules] Streaming discord_voice@1 to /home/dieguitodebian/.config/discord/0.0.121/modules/pending/discord_voice-1.zip: 64%
1/25/2026, 1:52:30 PM GMT-5 [Modules] Streaming discord_voice@1 to /home/dieguitodebian/.config/discord/0.0.121/modules/pending/discord_voice-1.zip: 65%
1/25/2026, 1:52:30 PM GMT-5 [Modules] Streaming discord_voice@1 to /home/dieguitodebian/.config/discord/0.0.121/modules/pending/discord_voice-1.zip: 66%
1/25/2026, 1:52:30 PM GMT-5 [Modules] Streaming discord_voice@1 to /home/dieguitodebian/.config/discord/0.0.121/modules/pending/discord_voice-1.zip: 67%
1/25/2026, 1:52:30 PM GMT-5 [Modules] Streaming discord_voice@1 to /home/dieguitodebian/.config/discord/0.0.121/modules/pending/discord_voice-1.zip: 68%
1/25/2026, 1:52:30 PM GMT-5 [Modules] Streaming discord_voice@1 to /home/dieguitodebian/.config/discord/0.0.121/modules/pending/discord_voice-1.zip: 69%
1/25/2026, 1:52:30 PM GMT-5 [Modules] Streaming discord_voice@1 to /home/dieguitodebian/.config/discord/0.0.121/modules/pending/discord_voice-1.zip: 70%
1/25/2026, 1:52:30 PM GMT-5 [Modules] Streaming discord_voice@1 to /home/dieguitodebian/.config/discord/0.0.121/modules/pending/discord_voice-1.zip: 71%
1/25/2026, 1:52:31 PM GMT-5 [Modules] Streaming discord_voice@1 to /home/dieguitodebian/.config/discord/0.0.121/modules/pending/discord_voice-1.zip: 72%
1/25/2026, 1:52:31 PM GMT-5 [Modules] Streaming discord_voice@1 to /home/dieguitodebian/.config/discord/0.0.121/modules/pending/discord_voice-1.zip: 73%
1/25/2026, 1:52:31 PM GMT-5 [Modules] Streaming discord_voice@1 to /home/dieguitodebian/.config/discord/0.0.121/modules/pending/discord_voice-1.zip: 74%
1/25/2026, 1:52:31 PM GMT-5 [Modules] Streaming discord_voice@1 to /home/dieguitodebian/.config/discord/0.0.121/modules/pending/discord_voice-1.zip: 75%
1/25/2026, 1:52:31 PM GMT-5 [Modules] Streaming discord_voice@1 to /home/dieguitodebian/.config/discord/0.0.121/modules/pending/discord_voice-1.zip: 78%
1/25/2026, 1:52:31 PM GMT-5 [Modules] Streaming discord_voice@1 to /home/dieguitodebian/.config/discord/0.0.121/modules/pending/discord_voice-1.zip: 79%
1/25/2026, 1:52:31 PM GMT-5 [Modules] Streaming discord_voice@1 to /home/dieguitodebian/.config/discord/0.0.121/modules/pending/discord_voice-1.zip: 80%
1/25/2026, 1:52:31 PM GMT-5 [Modules] Streaming discord_voice@1 to /home/dieguitodebian/.config/discord/0.0.121/modules/pending/discord_voice-1.zip: 81%
1/25/2026, 1:52:31 PM GMT-5 [Modules] Streaming discord_voice@1 to /home/dieguitodebian/.config/discord/0.0.121/modules/pending/discord_voice-1.zip: 82%
1/25/2026, 1:52:31 PM GMT-5 [Modules] Streaming discord_voice@1 to /home/dieguitodebian/.config/discord/0.0.121/modules/pending/discord_voice-1.zip: 83%
1/25/2026, 1:52:31 PM GMT-5 [Modules] Streaming discord_voice@1 to /home/dieguitodebian/.config/discord/0.0.121/modules/pending/discord_voice-1.zip: 84%
1/25/2026, 1:52:31 PM GMT-5 [Modules] Streaming discord_voice@1 to /home/dieguitodebian/.config/discord/0.0.121/modules/pending/discord_voice-1.zip: 85%
1/25/2026, 1:52:31 PM GMT-5 [Modules] Streaming discord_voice@1 to /home/dieguitodebian/.config/discord/0.0.121/modules/pending/discord_voice-1.zip: 86%
1/25/2026, 1:52:31 PM GMT-5 [Modules] Streaming discord_voice@1 to /home/dieguitodebian/.config/discord/0.0.121/modules/pending/discord_voice-1.zip: 87%
1/25/2026, 1:52:31 PM GMT-5 [Modules] Streaming discord_voice@1 to /home/dieguitodebian/.config/discord/0.0.121/modules/pending/discord_voice-1.zip: 88%
1/25/2026, 1:52:31 PM GMT-5 [Modules] Streaming discord_voice@1 to /home/dieguitodebian/.config/discord/0.0.121/modules/pending/discord_voice-1.zip: 89%
1/25/2026, 1:52:31 PM GMT-5 [Modules] Streaming discord_voice@1 to /home/dieguitodebian/.config/discord/0.0.121/modules/pending/discord_voice-1.zip: 90%
1/25/2026, 1:52:31 PM GMT-5 [Modules] Streaming discord_voice@1 to /home/dieguitodebian/.config/discord/0.0.121/modules/pending/discord_voice-1.zip: 91%
1/25/2026, 1:52:31 PM GMT-5 [Modules] Streaming discord_voice@1 to /home/dieguitodebian/.config/discord/0.0.121/modules/pending/discord_voice-1.zip: 92%
1/25/2026, 1:52:31 PM GMT-5 [Modules] Streaming discord_voice@1 to /home/dieguitodebian/.config/discord/0.0.121/modules/pending/discord_voice-1.zip: 93%
1/25/2026, 1:52:31 PM GMT-5 [Modules] Streaming discord_voice@1 to /home/dieguitodebian/.config/discord/0.0.121/modules/pending/discord_voice-1.zip: 94%
1/25/2026, 1:52:31 PM GMT-5 [Modules] Streaming discord_voice@1 to /home/dieguitodebian/.config/discord/0.0.121/modules/pending/discord_voice-1.zip: 95%
1/25/2026, 1:52:31 PM GMT-5 [Modules] Streaming discord_voice@1 to /home/dieguitodebian/.config/discord/0.0.121/modules/pending/discord_voice-1.zip: 96%
1/25/2026, 1:52:31 PM GMT-5 [Modules] Streaming discord_voice@1 to /home/dieguitodebian/.config/discord/0.0.121/modules/pending/discord_voice-1.zip: 97%
1/25/2026, 1:52:31 PM GMT-5 [Modules] Streaming discord_voice@1 to /home/dieguitodebian/.config/discord/0.0.121/modules/pending/discord_voice-1.zip: 98%
1/25/2026, 1:52:31 PM GMT-5 [Modules] Streaming discord_voice@1 to /home/dieguitodebian/.config/discord/0.0.121/modules/pending/discord_voice-1.zip: 99%
1/25/2026, 1:52:31 PM GMT-5 [Modules] Streaming discord_voice@1 to /home/dieguitodebian/.config/discord/0.0.121/modules/pending/discord_voice-1.zip: 100%
1/25/2026, 1:52:31 PM GMT-5 [Modules] Fetching discord_zstd@1 from https://discord.com/api/modules/stable/discord_zstd/1
1/25/2026, 1:52:31 PM GMT-5 [Modules] Streaming discord_zstd@1 to /home/dieguitodebian/.config/discord/0.0.121/modules/pending/discord_zstd-1.zip
1/25/2026, 1:52:32 PM GMT-5 [Modules] Streaming discord_zstd@1 to /home/dieguitodebian/.config/discord/0.0.121/modules/pending/discord_zstd-1.zip: 35%
1/25/2026, 1:52:32 PM GMT-5 [Modules] Streaming discord_zstd@1 to /home/dieguitodebian/.config/discord/0.0.121/modules/pending/discord_zstd-1.zip: 53%
1/25/2026, 1:52:32 PM GMT-5 [Modules] Streaming discord_zstd@1 to /home/dieguitodebian/.config/discord/0.0.121/modules/pending/discord_zstd-1.zip: 69%
1/25/2026, 1:52:32 PM GMT-5 [Modules] Streaming discord_zstd@1 to /home/dieguitodebian/.config/discord/0.0.121/modules/pending/discord_zstd-1.zip: 73%
1/25/2026, 1:52:32 PM GMT-5 [Modules] Streaming discord_zstd@1 to /home/dieguitodebian/.config/discord/0.0.121/modules/pending/discord_zstd-1.zip: 86%
1/25/2026, 1:52:32 PM GMT-5 [Modules] Streaming discord_zstd@1 to /home/dieguitodebian/.config/discord/0.0.121/modules/pending/discord_zstd-1.zip: 99%
1/25/2026, 1:52:32 PM GMT-5 [Modules] Streaming discord_zstd@1 to /home/dieguitodebian/.config/discord/0.0.121/modules/pending/discord_zstd-1.zip: 100%
1/25/2026, 1:52:32 PM GMT-5 [Modules] Finished module downloads. [success: 6] [failure: 0]
1/25/2026, 1:52:32 PM GMT-5 [Modules] Installing updates...
1/25/2026, 1:52:32 PM GMT-5 [Modules] Installing discord_desktop_core@1 from /home/dieguitodebian/.config/discord/0.0.121/modules/pending/discord_desktop_core-1.zip
1/25/2026, 1:52:32 PM GMT-5 [Modules] Installing discord_erlpack@1 from /home/dieguitodebian/.config/discord/0.0.121/modules/pending/discord_erlpack-1.zip
1/25/2026, 1:52:32 PM GMT-5 [Modules] Installing discord_spellcheck@1 from /home/dieguitodebian/.config/discord/0.0.121/modules/pending/discord_spellcheck-1.zip
1/25/2026, 1:52:32 PM GMT-5 [Modules] Installing discord_utils@1 from /home/dieguitodebian/.config/discord/0.0.121/modules/pending/discord_utils-1.zip
1/25/2026, 1:52:32 PM GMT-5 [Modules] Installing discord_voice@1 from /home/dieguitodebian/.config/discord/0.0.121/modules/pending/discord_voice-1.zip
1/25/2026, 1:52:33 PM GMT-5 [Modules] Installing discord_zstd@1 from /home/dieguitodebian/.config/discord/0.0.121/modules/pending/discord_zstd-1.zip
1/25/2026, 1:52:33 PM GMT-5 [Modules] Finished module installations. [success: 6] [failure: 0]
1/25/2026, 1:52:33 PM GMT-5 [Modules] Checking for host updates.
1/25/2026, 1:52:33 PM GMT-5 [Modules] Host is up to date.
1/25/2026, 1:52:33 PM GMT-5 [Modules] Checking for module updates at https://discord.com/api/modules/stable/versions.json
1/25/2026, 1:52:33 PM GMT-5 [Modules] No module updates available.
1/25/2026, 1:52:34 PM GMT-5 [Modules] Starting to install discord_krisp...
1/25/2026, 1:52:34 PM GMT-5 [Modules] Fetching discord_krisp@1 from https://discord.com/api/modules/stable/discord_krisp/1
1/25/2026, 1:52:34 PM GMT-5 [Modules] Streaming discord_krisp@1 to /home/dieguitodebian/.config/discord/0.0.121/modules/pending/discord_krisp-1.zip
1/25/2026, 1:52:34 PM GMT-5 [Modules] Starting to install discord_game_utils...
1/25/2026, 1:52:35 PM GMT-5 [Modules] Starting to install discord_rpc...
1/25/2026, 1:52:35 PM GMT-5 [Modules] Streaming discord_krisp@1 to /home/dieguitodebian/.config/discord/0.0.121/modules/pending/discord_krisp-1.zip: 1%
1/25/2026, 1:52:35 PM GMT-5 [Modules] Streaming discord_krisp@1 to /home/dieguitodebian/.config/discord/0.0.121/modules/pending/discord_krisp-1.zip: 2%
1/25/2026, 1:52:35 PM GMT-5 [Modules] Streaming discord_krisp@1 to /home/dieguitodebian/.config/discord/0.0.121/modules/pending/discord_krisp-1.zip: 3%
1/25/2026, 1:52:35 PM GMT-5 [Modules] Streaming discord_krisp@1 to /home/dieguitodebian/.config/discord/0.0.121/modules/pending/discord_krisp-1.zip: 4%
1/25/2026, 1:52:35 PM GMT-5 [Modules] Streaming discord_krisp@1 to /home/dieguitodebian/.config/discord/0.0.121/modules/pending/discord_krisp-1.zip: 5%
1/25/2026, 1:52:35 PM GMT-5 [Modules] Streaming discord_krisp@1 to /home/dieguitodebian/.config/discord/0.0.121/modules/pending/discord_krisp-1.zip: 6%
1/25/2026, 1:52:35 PM GMT-5 [Modules] Streaming discord_krisp@1 to /home/dieguitodebian/.config/discord/0.0.121/modules/pending/discord_krisp-1.zip: 7%
1/25/2026, 1:52:35 PM GMT-5 [Modules] Streaming discord_krisp@1 to /home/dieguitodebian/.config/discord/0.0.121/modules/pending/discord_krisp-1.zip: 8%
1/25/2026, 1:52:35 PM GMT-5 [Modules] Streaming discord_krisp@1 to /home/dieguitodebian/.config/discord/0.0.121/modules/pending/discord_krisp-1.zip: 9%
1/25/2026, 1:52:35 PM GMT-5 [Modules] Streaming discord_krisp@1 to /home/dieguitodebian/.config/discord/0.0.121/modules/pending/discord_krisp-1.zip: 10%
1/25/2026, 1:52:35 PM GMT-5 [Modules] Streaming discord_krisp@1 to /home/dieguitodebian/.config/discord/0.0.121/modules/pending/discord_krisp-1.zip: 11%
1/25/2026, 1:52:35 PM GMT-5 [Modules] Streaming discord_krisp@1 to /home/dieguitodebian/.config/discord/0.0.121/modules/pending/discord_krisp-1.zip: 12%
1/25/2026, 1:52:35 PM GMT-5 [Modules] Streaming discord_krisp@1 to /home/dieguitodebian/.config/discord/0.0.121/modules/pending/discord_krisp-1.zip: 13%
1/25/2026, 1:52:35 PM GMT-5 [Modules] Streaming discord_krisp@1 to /home/dieguitodebian/.config/discord/0.0.121/modules/pending/discord_krisp-1.zip: 14%
1/25/2026, 1:52:35 PM GMT-5 [Modules] Streaming discord_krisp@1 to /home/dieguitodebian/.config/discord/0.0.121/modules/pending/discord_krisp-1.zip: 15%
1/25/2026, 1:52:35 PM GMT-5 [Modules] Streaming discord_krisp@1 to /home/dieguitodebian/.config/discord/0.0.121/modules/pending/discord_krisp-1.zip: 16%
1/25/2026, 1:52:35 PM GMT-5 [Modules] Streaming discord_krisp@1 to /home/dieguitodebian/.config/discord/0.0.121/modules/pending/discord_krisp-1.zip: 17%
1/25/2026, 1:52:35 PM GMT-5 [Modules] Streaming discord_krisp@1 to /home/dieguitodebian/.config/discord/0.0.121/modules/pending/discord_krisp-1.zip: 18%
1/25/2026, 1:52:35 PM GMT-5 [Modules] Streaming discord_krisp@1 to /home/dieguitodebian/.config/discord/0.0.121/modules/pending/discord_krisp-1.zip: 19%
1/25/2026, 1:52:36 PM GMT-5 [Modules] Streaming discord_krisp@1 to /home/dieguitodebian/.config/discord/0.0.121/modules/pending/discord_krisp-1.zip: 20%
1/25/2026, 1:52:36 PM GMT-5 [Modules] Streaming discord_krisp@1 to /home/dieguitodebian/.config/discord/0.0.121/modules/pending/discord_krisp-1.zip: 21%
1/25/2026, 1:52:36 PM GMT-5 [Modules] Streaming discord_krisp@1 to /home/dieguitodebian/.config/discord/0.0.121/modules/pending/discord_krisp-1.zip: 22%
1/25/2026, 1:52:36 PM GMT-5 [Modules] Streaming discord_krisp@1 to /home/dieguitodebian/.config/discord/0.0.121/modules/pending/discord_krisp-1.zip: 23%
1/25/2026, 1:52:36 PM GMT-5 [Modules] Streaming discord_krisp@1 to /home/dieguitodebian/.config/discord/0.0.121/modules/pending/discord_krisp-1.zip: 24%
1/25/2026, 1:52:36 PM GMT-5 [Modules] Streaming discord_krisp@1 to /home/dieguitodebian/.config/discord/0.0.121/modules/pending/discord_krisp-1.zip: 25%
1/25/2026, 1:52:36 PM GMT-5 [Modules] Streaming discord_krisp@1 to /home/dieguitodebian/.config/discord/0.0.121/modules/pending/discord_krisp-1.zip: 26%
1/25/2026, 1:52:36 PM GMT-5 [Modules] Streaming discord_krisp@1 to /home/dieguitodebian/.config/discord/0.0.121/modules/pending/discord_krisp-1.zip: 27%
1/25/2026, 1:52:36 PM GMT-5 [Modules] Streaming discord_krisp@1 to /home/dieguitodebian/.config/discord/0.0.121/modules/pending/discord_krisp-1.zip: 28%
1/25/2026, 1:52:36 PM GMT-5 [Modules] Streaming discord_krisp@1 to /home/dieguitodebian/.config/discord/0.0.121/modules/pending/discord_krisp-1.zip: 29%
1/25/2026, 1:52:36 PM GMT-5 [Modules] Streaming discord_krisp@1 to /home/dieguitodebian/.config/discord/0.0.121/modules/pending/discord_krisp-1.zip: 30%
1/25/2026, 1:52:36 PM GMT-5 [Modules] Streaming discord_krisp@1 to /home/dieguitodebian/.config/discord/0.0.121/modules/pending/discord_krisp-1.zip: 31%
1/25/2026, 1:52:36 PM GMT-5 [Modules] Streaming discord_krisp@1 to /home/dieguitodebian/.config/discord/0.0.121/modules/pending/discord_krisp-1.zip: 32%
1/25/2026, 1:52:36 PM GMT-5 [Modules] Streaming discord_krisp@1 to /home/dieguitodebian/.config/discord/0.0.121/modules/pending/discord_krisp-1.zip: 33%
1/25/2026, 1:52:36 PM GMT-5 [Modules] Streaming discord_krisp@1 to /home/dieguitodebian/.config/discord/0.0.121/modules/pending/discord_krisp-1.zip: 34%
1/25/2026, 1:52:36 PM GMT-5 [Modules] Streaming discord_krisp@1 to /home/dieguitodebian/.config/discord/0.0.121/modules/pending/discord_krisp-1.zip: 35%
1/25/2026, 1:52:36 PM GMT-5 [Modules] Streaming discord_krisp@1 to /home/dieguitodebian/.config/discord/0.0.121/modules/pending/discord_krisp-1.zip: 36%
1/25/2026, 1:52:36 PM GMT-5 [Modules] Streaming discord_krisp@1 to /home/dieguitodebian/.config/discord/0.0.121/modules/pending/discord_krisp-1.zip: 37%
1/25/2026, 1:52:36 PM GMT-5 [Modules] Streaming discord_krisp@1 to /home/dieguitodebian/.config/discord/0.0.121/modules/pending/discord_krisp-1.zip: 38%
1/25/2026, 1:52:36 PM GMT-5 [Modules] Streaming discord_krisp@1 to /home/dieguitodebian/.config/discord/0.0.121/modules/pending/discord_krisp-1.zip: 39%
1/25/2026, 1:52:36 PM GMT-5 [Modules] Streaming discord_krisp@1 to /home/dieguitodebian/.config/discord/0.0.121/modules/pending/discord_krisp-1.zip: 40%
1/25/2026, 1:52:36 PM GMT-5 [Modules] Streaming discord_krisp@1 to /home/dieguitodebian/.config/discord/0.0.121/modules/pending/discord_krisp-1.zip: 41%
1/25/2026, 1:52:36 PM GMT-5 [Modules] Streaming discord_krisp@1 to /home/dieguitodebian/.config/discord/0.0.121/modules/pending/discord_krisp-1.zip: 42%
1/25/2026, 1:52:36 PM GMT-5 [Modules] Streaming discord_krisp@1 to /home/dieguitodebian/.config/discord/0.0.121/modules/pending/discord_krisp-1.zip: 43%
1/25/2026, 1:52:36 PM GMT-5 [Modules] Streaming discord_krisp@1 to /home/dieguitodebian/.config/discord/0.0.121/modules/pending/discord_krisp-1.zip: 44%
1/25/2026, 1:52:36 PM GMT-5 [Modules] Streaming discord_krisp@1 to /home/dieguitodebian/.config/discord/0.0.121/modules/pending/discord_krisp-1.zip: 45%
1/25/2026, 1:52:36 PM GMT-5 [Modules] Streaming discord_krisp@1 to /home/dieguitodebian/.config/discord/0.0.121/modules/pending/discord_krisp-1.zip: 46%
1/25/2026, 1:52:36 PM GMT-5 [Modules] Streaming discord_krisp@1 to /home/dieguitodebian/.config/discord/0.0.121/modules/pending/discord_krisp-1.zip: 47%
1/25/2026, 1:52:36 PM GMT-5 [Modules] Streaming discord_krisp@1 to /home/dieguitodebian/.config/discord/0.0.121/modules/pending/discord_krisp-1.zip: 48%
1/25/2026, 1:52:36 PM GMT-5 [Modules] Streaming discord_krisp@1 to /home/dieguitodebian/.config/discord/0.0.121/modules/pending/discord_krisp-1.zip: 49%
1/25/2026, 1:52:36 PM GMT-5 [Modules] Streaming discord_krisp@1 to /home/dieguitodebian/.config/discord/0.0.121/modules/pending/discord_krisp-1.zip: 50%
1/25/2026, 1:52:36 PM GMT-5 [Modules] Streaming discord_krisp@1 to /home/dieguitodebian/.config/discord/0.0.121/modules/pending/discord_krisp-1.zip: 51%
1/25/2026, 1:52:36 PM GMT-5 [Modules] Streaming discord_krisp@1 to /home/dieguitodebian/.config/discord/0.0.121/modules/pending/discord_krisp-1.zip: 52%
1/25/2026, 1:52:36 PM GMT-5 [Modules] Streaming discord_krisp@1 to /home/dieguitodebian/.config/discord/0.0.121/modules/pending/discord_krisp-1.zip: 53%
1/25/2026, 1:52:36 PM GMT-5 [Modules] Streaming discord_krisp@1 to /home/dieguitodebian/.config/discord/0.0.121/modules/pending/discord_krisp-1.zip: 54%
1/25/2026, 1:52:36 PM GMT-5 [Modules] Streaming discord_krisp@1 to /home/dieguitodebian/.config/discord/0.0.121/modules/pending/discord_krisp-1.zip: 55%
1/25/2026, 1:52:37 PM GMT-5 [Modules] Streaming discord_krisp@1 to /home/dieguitodebian/.config/discord/0.0.121/modules/pending/discord_krisp-1.zip: 56%
1/25/2026, 1:52:37 PM GMT-5 [Modules] Streaming discord_krisp@1 to /home/dieguitodebian/.config/discord/0.0.121/modules/pending/discord_krisp-1.zip: 57%
1/25/2026, 1:52:37 PM GMT-5 [Modules] Streaming discord_krisp@1 to /home/dieguitodebian/.config/discord/0.0.121/modules/pending/discord_krisp-1.zip: 58%
1/25/2026, 1:52:37 PM GMT-5 [Modules] Streaming discord_krisp@1 to /home/dieguitodebian/.config/discord/0.0.121/modules/pending/discord_krisp-1.zip: 59%
1/25/2026, 1:52:37 PM GMT-5 [Modules] Streaming discord_krisp@1 to /home/dieguitodebian/.config/discord/0.0.121/modules/pending/discord_krisp-1.zip: 60%
1/25/2026, 1:52:37 PM GMT-5 [Modules] Streaming discord_krisp@1 to /home/dieguitodebian/.config/discord/0.0.121/modules/pending/discord_krisp-1.zip: 61%
1/25/2026, 1:52:37 PM GMT-5 [Modules] Streaming discord_krisp@1 to /home/dieguitodebian/.config/discord/0.0.121/modules/pending/discord_krisp-1.zip: 62%
1/25/2026, 1:52:37 PM GMT-5 [Modules] Streaming discord_krisp@1 to /home/dieguitodebian/.config/discord/0.0.121/modules/pending/discord_krisp-1.zip: 63%
1/25/2026, 1:52:37 PM GMT-5 [Modules] Streaming discord_krisp@1 to /home/dieguitodebian/.config/discord/0.0.121/modules/pending/discord_krisp-1.zip: 64%
1/25/2026, 1:52:38 PM GMT-5 [Modules] Streaming discord_krisp@1 to /home/dieguitodebian/.config/discord/0.0.121/modules/pending/discord_krisp-1.zip: 65%
1/25/2026, 1:52:38 PM GMT-5 [Modules] Streaming discord_krisp@1 to /home/dieguitodebian/.config/discord/0.0.121/modules/pending/discord_krisp-1.zip: 66%
1/25/2026, 1:52:38 PM GMT-5 [Modules] Streaming discord_krisp@1 to /home/dieguitodebian/.config/discord/0.0.121/modules/pending/discord_krisp-1.zip: 67%
1/25/2026, 1:52:38 PM GMT-5 [Modules] Streaming discord_krisp@1 to /home/dieguitodebian/.config/discord/0.0.121/modules/pending/discord_krisp-1.zip: 68%
1/25/2026, 1:52:38 PM GMT-5 [Modules] Streaming discord_krisp@1 to /home/dieguitodebian/.config/discord/0.0.121/modules/pending/discord_krisp-1.zip: 69%
1/25/2026, 1:52:38 PM GMT-5 [Modules] Streaming discord_krisp@1 to /home/dieguitodebian/.config/discord/0.0.121/modules/pending/discord_krisp-1.zip: 70%
1/25/2026, 1:52:38 PM GMT-5 [Modules] Streaming discord_krisp@1 to /home/dieguitodebian/.config/discord/0.0.121/modules/pending/discord_krisp-1.zip: 71%
1/25/2026, 1:52:38 PM GMT-5 [Modules] Streaming discord_krisp@1 to /home/dieguitodebian/.config/discord/0.0.121/modules/pending/discord_krisp-1.zip: 72%
1/25/2026, 1:52:38 PM GMT-5 [Modules] Streaming discord_krisp@1 to /home/dieguitodebian/.config/discord/0.0.121/modules/pending/discord_krisp-1.zip: 73%
1/25/2026, 1:52:38 PM GMT-5 [Modules] Streaming discord_krisp@1 to /home/dieguitodebian/.config/discord/0.0.121/modules/pending/discord_krisp-1.zip: 74%
1/25/2026, 1:52:38 PM GMT-5 [Modules] Streaming discord_krisp@1 to /home/dieguitodebian/.config/discord/0.0.121/modules/pending/discord_krisp-1.zip: 75%
1/25/2026, 1:52:38 PM GMT-5 [Modules] Streaming discord_krisp@1 to /home/dieguitodebian/.config/discord/0.0.121/modules/pending/discord_krisp-1.zip: 76%
1/25/2026, 1:52:38 PM GMT-5 [Modules] Streaming discord_krisp@1 to /home/dieguitodebian/.config/discord/0.0.121/modules/pending/discord_krisp-1.zip: 77%
1/25/2026, 1:52:38 PM GMT-5 [Modules] Streaming discord_krisp@1 to /home/dieguitodebian/.config/discord/0.0.121/modules/pending/discord_krisp-1.zip: 78%
1/25/2026, 1:52:38 PM GMT-5 [Modules] Streaming discord_krisp@1 to /home/dieguitodebian/.config/discord/0.0.121/modules/pending/discord_krisp-1.zip: 79%
1/25/2026, 1:52:38 PM GMT-5 [Modules] Streaming discord_krisp@1 to /home/dieguitodebian/.config/discord/0.0.121/modules/pending/discord_krisp-1.zip: 80%
1/25/2026, 1:52:38 PM GMT-5 [Modules] Streaming discord_krisp@1 to /home/dieguitodebian/.config/discord/0.0.121/modules/pending/discord_krisp-1.zip: 81%
1/25/2026, 1:52:38 PM GMT-5 [Modules] Streaming discord_krisp@1 to /home/dieguitodebian/.config/discord/0.0.121/modules/pending/discord_krisp-1.zip: 82%
1/25/2026, 1:52:38 PM GMT-5 [Modules] Streaming discord_krisp@1 to /home/dieguitodebian/.config/discord/0.0.121/modules/pending/discord_krisp-1.zip: 83%
1/25/2026, 1:52:38 PM GMT-5 [Modules] Streaming discord_krisp@1 to /home/dieguitodebian/.config/discord/0.0.121/modules/pending/discord_krisp-1.zip: 84%
1/25/2026, 1:52:38 PM GMT-5 [Modules] Streaming discord_krisp@1 to /home/dieguitodebian/.config/discord/0.0.121/modules/pending/discord_krisp-1.zip: 85%
1/25/2026, 1:52:38 PM GMT-5 [Modules] Streaming discord_krisp@1 to /home/dieguitodebian/.config/discord/0.0.121/modules/pending/discord_krisp-1.zip: 86%
1/25/2026, 1:52:38 PM GMT-5 [Modules] Streaming discord_krisp@1 to /home/dieguitodebian/.config/discord/0.0.121/modules/pending/discord_krisp-1.zip: 87%
1/25/2026, 1:52:38 PM GMT-5 [Modules] Streaming discord_krisp@1 to /home/dieguitodebian/.config/discord/0.0.121/modules/pending/discord_krisp-1.zip: 88%
1/25/2026, 1:52:39 PM GMT-5 [Modules] Streaming discord_krisp@1 to /home/dieguitodebian/.config/discord/0.0.121/modules/pending/discord_krisp-1.zip: 89%
1/25/2026, 1:52:39 PM GMT-5 [Modules] Streaming discord_krisp@1 to /home/dieguitodebian/.config/discord/0.0.121/modules/pending/discord_krisp-1.zip: 90%
1/25/2026, 1:52:39 PM GMT-5 [Modules] Streaming discord_krisp@1 to /home/dieguitodebian/.config/discord/0.0.121/modules/pending/discord_krisp-1.zip: 91%
1/25/2026, 1:52:39 PM GMT-5 [Modules] Streaming discord_krisp@1 to /home/dieguitodebian/.config/discord/0.0.121/modules/pending/discord_krisp-1.zip: 92%
1/25/2026, 1:52:39 PM GMT-5 [Modules] Streaming discord_krisp@1 to /home/dieguitodebian/.config/discord/0.0.121/modules/pending/discord_krisp-1.zip: 93%
1/25/2026, 1:52:39 PM GMT-5 [Modules] Streaming discord_krisp@1 to /home/dieguitodebian/.config/discord/0.0.121/modules/pending/discord_krisp-1.zip: 94%
1/25/2026, 1:52:39 PM GMT-5 [Modules] Streaming discord_krisp@1 to /home/dieguitodebian/.config/discord/0.0.121/modules/pending/discord_krisp-1.zip: 95%
1/25/2026, 1:52:39 PM GMT-5 [Modules] Streaming discord_krisp@1 to /home/dieguitodebian/.config/discord/0.0.121/modules/pending/discord_krisp-1.zip: 96%
1/25/2026, 1:52:39 PM GMT-5 [Modules] Streaming discord_krisp@1 to /home/dieguitodebian/.config/discord/0.0.121/modules/pending/discord_krisp-1.zip: 97%
1/25/2026, 1:52:39 PM GMT-5 [Modules] Streaming discord_krisp@1 to /home/dieguitodebian/.config/discord/0.0.121/modules/pending/discord_krisp-1.zip: 98%
1/25/2026, 1:52:39 PM GMT-5 [Modules] Streaming discord_krisp@1 to /home/dieguitodebian/.config/discord/0.0.121/modules/pending/discord_krisp-1.zip: 99%
1/25/2026, 1:52:39 PM GMT-5 [Modules] Streaming discord_krisp@1 to /home/dieguitodebian/.config/discord/0.0.121/modules/pending/discord_krisp-1.zip: 100%
1/25/2026, 1:52:39 PM GMT-5 [Modules] Fetching discord_game_utils@1 from https://discord.com/api/modules/stable/discord_game_utils/1
1/25/2026, 1:52:39 PM GMT-5 [Modules] Streaming discord_game_utils@1 to /home/dieguitodebian/.config/discord/0.0.121/modules/pending/discord_game_utils-1.zip
1/25/2026, 1:52:39 PM GMT-5 [Modules] Installing discord_krisp@1 from /home/dieguitodebian/.config/discord/0.0.121/modules/pending/discord_krisp-1.zip
1/25/2026, 1:52:39 PM GMT-5 [Modules] Checking for host updates.
1/25/2026, 1:52:39 PM GMT-5 [Modules] Finished module installations. [success: 1] [failure: 0]
1/25/2026, 1:52:39 PM GMT-5 [Modules] Streaming discord_game_utils@1 to /home/dieguitodebian/.config/discord/0.0.121/modules/pending/discord_game_utils-1.zip: 3%
1/25/2026, 1:52:39 PM GMT-5 [Modules] Streaming discord_game_utils@1 to /home/dieguitodebian/.config/discord/0.0.121/modules/pending/discord_game_utils-1.zip: 7%
1/25/2026, 1:52:39 PM GMT-5 [Modules] Streaming discord_game_utils@1 to /home/dieguitodebian/.config/discord/0.0.121/modules/pending/discord_game_utils-1.zip: 9%
1/25/2026, 1:52:39 PM GMT-5 [Modules] Streaming discord_game_utils@1 to /home/dieguitodebian/.config/discord/0.0.121/modules/pending/discord_game_utils-1.zip: 10%
1/25/2026, 1:52:39 PM GMT-5 [Modules] Streaming discord_game_utils@1 to /home/dieguitodebian/.config/discord/0.0.121/modules/pending/discord_game_utils-1.zip: 12%
1/25/2026, 1:52:39 PM GMT-5 [Modules] Streaming discord_game_utils@1 to /home/dieguitodebian/.config/discord/0.0.121/modules/pending/discord_game_utils-1.zip: 13%
1/25/2026, 1:52:39 PM GMT-5 [Modules] Streaming discord_game_utils@1 to /home/dieguitodebian/.config/discord/0.0.121/modules/pending/discord_game_utils-1.zip: 14%
1/25/2026, 1:52:39 PM GMT-5 [Modules] Streaming discord_game_utils@1 to /home/dieguitodebian/.config/discord/0.0.121/modules/pending/discord_game_utils-1.zip: 15%
1/25/2026, 1:52:39 PM GMT-5 [Modules] Streaming discord_game_utils@1 to /home/dieguitodebian/.config/discord/0.0.121/modules/pending/discord_game_utils-1.zip: 16%
1/25/2026, 1:52:39 PM GMT-5 [Modules] Host is up to date.
1/25/2026, 1:52:39 PM GMT-5 [Modules] Checking for module updates at https://discord.com/api/modules/stable/versions.json
1/25/2026, 1:52:39 PM GMT-5 [Modules] Streaming discord_game_utils@1 to /home/dieguitodebian/.config/discord/0.0.121/modules/pending/discord_game_utils-1.zip: 17%
1/25/2026, 1:52:39 PM GMT-5 [Modules] Streaming discord_game_utils@1 to /home/dieguitodebian/.config/discord/0.0.121/modules/pending/discord_game_utils-1.zip: 20%
1/25/2026, 1:52:39 PM GMT-5 [Modules] No module updates available.
1/25/2026, 1:52:39 PM GMT-5 [Modules] Streaming discord_game_utils@1 to /home/dieguitodebian/.config/discord/0.0.121/modules/pending/discord_game_utils-1.zip: 21%
1/25/2026, 1:52:39 PM GMT-5 [Modules] Streaming discord_game_utils@1 to /home/dieguitodebian/.config/discord/0.0.121/modules/pending/discord_game_utils-1.zip: 22%
1/25/2026, 1:52:39 PM GMT-5 [Modules] Streaming discord_game_utils@1 to /home/dieguitodebian/.config/discord/0.0.121/modules/pending/discord_game_utils-1.zip: 24%
1/25/2026, 1:52:39 PM GMT-5 [Modules] Streaming discord_game_utils@1 to /home/dieguitodebian/.config/discord/0.0.121/modules/pending/discord_game_utils-1.zip: 25%
1/25/2026, 1:52:39 PM GMT-5 [Modules] Streaming discord_game_utils@1 to /home/dieguitodebian/.config/discord/0.0.121/modules/pending/discord_game_utils-1.zip: 26%
1/25/2026, 1:52:39 PM GMT-5 [Modules] Streaming discord_game_utils@1 to /home/dieguitodebian/.config/discord/0.0.121/modules/pending/discord_game_utils-1.zip: 27%
1/25/2026, 1:52:39 PM GMT-5 [Modules] Streaming discord_game_utils@1 to /home/dieguitodebian/.config/discord/0.0.121/modules/pending/discord_game_utils-1.zip: 28%
1/25/2026, 1:52:39 PM GMT-5 [Modules] Streaming discord_game_utils@1 to /home/dieguitodebian/.config/discord/0.0.121/modules/pending/discord_game_utils-1.zip: 31%
1/25/2026, 1:52:39 PM GMT-5 [Modules] Streaming discord_game_utils@1 to /home/dieguitodebian/.config/discord/0.0.121/modules/pending/discord_game_utils-1.zip: 33%
1/25/2026, 1:52:39 PM GMT-5 [Modules] Streaming discord_game_utils@1 to /home/dieguitodebian/.config/discord/0.0.121/modules/pending/discord_game_utils-1.zip: 34%
1/25/2026, 1:52:39 PM GMT-5 [Modules] Streaming discord_game_utils@1 to /home/dieguitodebian/.config/discord/0.0.121/modules/pending/discord_game_utils-1.zip: 35%
1/25/2026, 1:52:39 PM GMT-5 [Modules] Streaming discord_game_utils@1 to /home/dieguitodebian/.config/discord/0.0.121/modules/pending/discord_game_utils-1.zip: 37%
1/25/2026, 1:52:39 PM GMT-5 [Modules] Streaming discord_game_utils@1 to /home/dieguitodebian/.config/discord/0.0.121/modules/pending/discord_game_utils-1.zip: 38%
1/25/2026, 1:52:39 PM GMT-5 [Modules] Streaming discord_game_utils@1 to /home/dieguitodebian/.config/discord/0.0.121/modules/pending/discord_game_utils-1.zip: 39%
1/25/2026, 1:52:39 PM GMT-5 [Modules] Streaming discord_game_utils@1 to /home/dieguitodebian/.config/discord/0.0.121/modules/pending/discord_game_utils-1.zip: 40%
1/25/2026, 1:52:39 PM GMT-5 [Modules] Streaming discord_game_utils@1 to /home/dieguitodebian/.config/discord/0.0.121/modules/pending/discord_game_utils-1.zip: 41%
1/25/2026, 1:52:39 PM GMT-5 [Modules] Streaming discord_game_utils@1 to /home/dieguitodebian/.config/discord/0.0.121/modules/pending/discord_game_utils-1.zip: 42%
1/25/2026, 1:52:39 PM GMT-5 [Modules] Streaming discord_game_utils@1 to /home/dieguitodebian/.config/discord/0.0.121/modules/pending/discord_game_utils-1.zip: 43%
1/25/2026, 1:52:39 PM GMT-5 [Modules] Streaming discord_game_utils@1 to /home/dieguitodebian/.config/discord/0.0.121/modules/pending/discord_game_utils-1.zip: 46%
1/25/2026, 1:52:39 PM GMT-5 [Modules] Streaming discord_game_utils@1 to /home/dieguitodebian/.config/discord/0.0.121/modules/pending/discord_game_utils-1.zip: 48%
1/25/2026, 1:52:39 PM GMT-5 [Modules] Streaming discord_game_utils@1 to /home/dieguitodebian/.config/discord/0.0.121/modules/pending/discord_game_utils-1.zip: 49%
1/25/2026, 1:52:39 PM GMT-5 [Modules] Streaming discord_game_utils@1 to /home/dieguitodebian/.config/discord/0.0.121/modules/pending/discord_game_utils-1.zip: 50%
1/25/2026, 1:52:39 PM GMT-5 [Modules] Streaming discord_game_utils@1 to /home/dieguitodebian/.config/discord/0.0.121/modules/pending/discord_game_utils-1.zip: 51%
1/25/2026, 1:52:39 PM GMT-5 [Modules] Streaming discord_game_utils@1 to /home/dieguitodebian/.config/discord/0.0.121/modules/pending/discord_game_utils-1.zip: 52%
1/25/2026, 1:52:39 PM GMT-5 [Modules] Streaming discord_game_utils@1 to /home/dieguitodebian/.config/discord/0.0.121/modules/pending/discord_game_utils-1.zip: 53%
1/25/2026, 1:52:39 PM GMT-5 [Modules] Streaming discord_game_utils@1 to /home/dieguitodebian/.config/discord/0.0.121/modules/pending/discord_game_utils-1.zip: 55%
1/25/2026, 1:52:39 PM GMT-5 [Modules] Streaming discord_game_utils@1 to /home/dieguitodebian/.config/discord/0.0.121/modules/pending/discord_game_utils-1.zip: 56%
1/25/2026, 1:52:39 PM GMT-5 [Modules] Streaming discord_game_utils@1 to /home/dieguitodebian/.config/discord/0.0.121/modules/pending/discord_game_utils-1.zip: 57%
1/25/2026, 1:52:39 PM GMT-5 [Modules] Streaming discord_game_utils@1 to /home/dieguitodebian/.config/discord/0.0.121/modules/pending/discord_game_utils-1.zip: 58%
1/25/2026, 1:52:39 PM GMT-5 [Modules] Streaming discord_game_utils@1 to /home/dieguitodebian/.config/discord/0.0.121/modules/pending/discord_game_utils-1.zip: 59%
1/25/2026, 1:52:39 PM GMT-5 [Modules] Streaming discord_game_utils@1 to /home/dieguitodebian/.config/discord/0.0.121/modules/pending/discord_game_utils-1.zip: 60%
1/25/2026, 1:52:39 PM GMT-5 [Modules] Streaming discord_game_utils@1 to /home/dieguitodebian/.config/discord/0.0.121/modules/pending/discord_game_utils-1.zip: 61%
1/25/2026, 1:52:39 PM GMT-5 [Modules] Streaming discord_game_utils@1 to /home/dieguitodebian/.config/discord/0.0.121/modules/pending/discord_game_utils-1.zip: 62%
1/25/2026, 1:52:39 PM GMT-5 [Modules] Streaming discord_game_utils@1 to /home/dieguitodebian/.config/discord/0.0.121/modules/pending/discord_game_utils-1.zip: 63%
1/25/2026, 1:52:40 PM GMT-5 [Modules] Streaming discord_game_utils@1 to /home/dieguitodebian/.config/discord/0.0.121/modules/pending/discord_game_utils-1.zip: 65%
1/25/2026, 1:52:40 PM GMT-5 [Modules] Streaming discord_game_utils@1 to /home/dieguitodebian/.config/discord/0.0.121/modules/pending/discord_game_utils-1.zip: 69%
1/25/2026, 1:52:40 PM GMT-5 [Modules] Streaming discord_game_utils@1 to /home/dieguitodebian/.config/discord/0.0.121/modules/pending/discord_game_utils-1.zip: 70%
1/25/2026, 1:52:40 PM GMT-5 [Modules] Streaming discord_game_utils@1 to /home/dieguitodebian/.config/discord/0.0.121/modules/pending/discord_game_utils-1.zip: 71%
1/25/2026, 1:52:40 PM GMT-5 [Modules] Streaming discord_game_utils@1 to /home/dieguitodebian/.config/discord/0.0.121/modules/pending/discord_game_utils-1.zip: 72%
1/25/2026, 1:52:40 PM GMT-5 [Modules] Streaming discord_game_utils@1 to /home/dieguitodebian/.config/discord/0.0.121/modules/pending/discord_game_utils-1.zip: 74%
1/25/2026, 1:52:40 PM GMT-5 [Modules] Streaming discord_game_utils@1 to /home/dieguitodebian/.config/discord/0.0.121/modules/pending/discord_game_utils-1.zip: 77%
1/25/2026, 1:52:40 PM GMT-5 [Modules] Streaming discord_game_utils@1 to /home/dieguitodebian/.config/discord/0.0.121/modules/pending/discord_game_utils-1.zip: 78%
1/25/2026, 1:52:40 PM GMT-5 [Modules] Streaming discord_game_utils@1 to /home/dieguitodebian/.config/discord/0.0.121/modules/pending/discord_game_utils-1.zip: 79%
1/25/2026, 1:52:40 PM GMT-5 [Modules] Streaming discord_game_utils@1 to /home/dieguitodebian/.config/discord/0.0.121/modules/pending/discord_game_utils-1.zip: 80%
1/25/2026, 1:52:40 PM GMT-5 [Modules] Streaming discord_game_utils@1 to /home/dieguitodebian/.config/discord/0.0.121/modules/pending/discord_game_utils-1.zip: 81%
1/25/2026, 1:52:40 PM GMT-5 [Modules] Streaming discord_game_utils@1 to /home/dieguitodebian/.config/discord/0.0.121/modules/pending/discord_game_utils-1.zip: 84%
1/25/2026, 1:52:40 PM GMT-5 [Modules] Streaming discord_game_utils@1 to /home/dieguitodebian/.config/discord/0.0.121/modules/pending/discord_game_utils-1.zip: 85%
1/25/2026, 1:52:40 PM GMT-5 [Modules] Streaming discord_game_utils@1 to /home/dieguitodebian/.config/discord/0.0.121/modules/pending/discord_game_utils-1.zip: 86%
1/25/2026, 1:52:40 PM GMT-5 [Modules] Streaming discord_game_utils@1 to /home/dieguitodebian/.config/discord/0.0.121/modules/pending/discord_game_utils-1.zip: 87%
1/25/2026, 1:52:40 PM GMT-5 [Modules] Streaming discord_game_utils@1 to /home/dieguitodebian/.config/discord/0.0.121/modules/pending/discord_game_utils-1.zip: 88%
1/25/2026, 1:52:40 PM GMT-5 [Modules] Streaming discord_game_utils@1 to /home/dieguitodebian/.config/discord/0.0.121/modules/pending/discord_game_utils-1.zip: 89%
1/25/2026, 1:52:40 PM GMT-5 [Modules] Streaming discord_game_utils@1 to /home/dieguitodebian/.config/discord/0.0.121/modules/pending/discord_game_utils-1.zip: 90%
1/25/2026, 1:52:40 PM GMT-5 [Modules] Streaming discord_game_utils@1 to /home/dieguitodebian/.config/discord/0.0.121/modules/pending/discord_game_utils-1.zip: 91%
1/25/2026, 1:52:40 PM GMT-5 [Modules] Streaming discord_game_utils@1 to /home/dieguitodebian/.config/discord/0.0.121/modules/pending/discord_game_utils-1.zip: 92%
1/25/2026, 1:52:40 PM GMT-5 [Modules] Streaming discord_game_utils@1 to /home/dieguitodebian/.config/discord/0.0.121/modules/pending/discord_game_utils-1.zip: 93%
1/25/2026, 1:52:40 PM GMT-5 [Modules] Streaming discord_game_utils@1 to /home/dieguitodebian/.config/discord/0.0.121/modules/pending/discord_game_utils-1.zip: 94%
1/25/2026, 1:52:40 PM GMT-5 [Modules] Streaming discord_game_utils@1 to /home/dieguitodebian/.config/discord/0.0.121/modules/pending/discord_game_utils-1.zip: 95%
1/25/2026, 1:52:40 PM GMT-5 [Modules] Streaming discord_game_utils@1 to /home/dieguitodebian/.config/discord/0.0.121/modules/pending/discord_game_utils-1.zip: 96%
1/25/2026, 1:52:40 PM GMT-5 [Modules] Streaming discord_game_utils@1 to /home/dieguitodebian/.config/discord/0.0.121/modules/pending/discord_game_utils-1.zip: 97%
1/25/2026, 1:52:40 PM GMT-5 [Modules] Streaming discord_game_utils@1 to /home/dieguitodebian/.config/discord/0.0.121/modules/pending/discord_game_utils-1.zip: 98%
1/25/2026, 1:52:40 PM GMT-5 [Modules] Streaming discord_game_utils@1 to /home/dieguitodebian/.config/discord/0.0.121/modules/pending/discord_game_utils-1.zip: 99%
1/25/2026, 1:52:40 PM GMT-5 [Modules] Streaming discord_game_utils@1 to /home/dieguitodebian/.config/discord/0.0.121/modules/pending/discord_game_utils-1.zip: 100%
1/25/2026, 1:52:40 PM GMT-5 [Modules] Fetching discord_rpc@1 from https://discord.com/api/modules/stable/discord_rpc/1
1/25/2026, 1:52:40 PM GMT-5 [Modules] Streaming discord_rpc@1 to /home/dieguitodebian/.config/discord/0.0.121/modules/pending/discord_rpc-1.zip
1/25/2026, 1:52:40 PM GMT-5 [Modules] Installing discord_game_utils@1 from /home/dieguitodebian/.config/discord/0.0.121/modules/pending/discord_game_utils-1.zip
1/25/2026, 1:52:40 PM GMT-5 [Modules] Finished module installations. [success: 1] [failure: 0]
1/25/2026, 1:52:40 PM GMT-5 [Modules] Streaming discord_rpc@1 to /home/dieguitodebian/.config/discord/0.0.121/modules/pending/discord_rpc-1.zip: 100%
1/25/2026, 1:52:40 PM GMT-5 [Modules] Finished module downloads. [success: 3] [failure: 0]
1/25/2026, 1:52:40 PM GMT-5 [Modules] Installing discord_rpc@1 from /home/dieguitodebian/.config/discord/0.0.121/modules/pending/discord_rpc-1.zip
1/25/2026, 1:52:40 PM GMT-5 [Modules] Finished module installations. [success: 1] [failure: 0]
1/25/2026, 2:52:39 PM GMT-5 [Modules] Checking for host updates.
1/25/2026, 2:52:39 PM GMT-5 [Modules] Host is up to date.
1/25/2026, 2:52:39 PM GMT-5 [Modules] Checking for module updates at https://discord.com/api/modules/stable/versions.json
1/25/2026, 2:52:39 PM GMT-5 [Modules] No module updates available.
1/25/2026, 3:52:39 PM GMT-5 [Modules] Checking for host updates.
1/25/2026, 3:52:40 PM GMT-5 [Modules] Host is up to date.
1/25/2026, 3:52:40 PM GMT-5 [Modules] Checking for module updates at https://discord.com/api/modules/stable/versions.json
1/25/2026, 3:52:40 PM GMT-5 [Modules] No module updates available.
1/25/2026, 4:52:39 PM GMT-5 [Modules] Checking for host updates.
1/25/2026, 4:52:40 PM GMT-5 [Modules] Host is up to date.
1/25/2026, 4:52:40 PM GMT-5 [Modules] Checking for module updates at https://discord.com/api/modules/stable/versions.json
1/25/2026, 4:52:40 PM GMT-5 [Modules] No module updates available.
1/25/2026, 5:52:39 PM GMT-5 [Modules] Checking for host updates.
1/25/2026, 5:52:40 PM GMT-5 [Modules] Host is up to date.
1/25/2026, 5:52:40 PM GMT-5 [Modules] Checking for module updates at https://discord.com/api/modules/stable/versions.json
1/25/2026, 5:52:40 PM GMT-5 [Modules] No module updates available.
1/25/2026, 6:52:39 PM GMT-5 [Modules] Checking for host updates.
1/25/2026, 6:52:40 PM GMT-5 [Modules] Host is up to date.
1/25/2026, 6:52:40 PM GMT-5 [Modules] Checking for module updates at https://discord.com/api/modules/stable/versions.json
1/25/2026, 6:52:40 PM GMT-5 [Modules] No module updates available.
1/25/2026, 7:52:39 PM GMT-5 [Modules] Checking for host updates.
1/25/2026, 7:52:40 PM GMT-5 [Modules] Host is up to date.
1/25/2026, 7:52:40 PM GMT-5 [Modules] Checking for module updates at https://discord.com/api/modules/stable/versions.json
1/25/2026, 7:52:40 PM GMT-5 [Modules] No module updates available.
